"名称","效果","角色","装备"
"三星佩佩","获得一个穿戴三个随机星徽的佩佩。","佩佩",""
"专家研讨会","获得1个【专家邀请函】和1个【简易武装箱】。","","专家邀请函；简易武装箱"
"二手市场","商店刷新20次后，获得30金币和【员工投影仪】。","",""
"人才下沉","商店中有概率出现2星角色。","",""
"人才储备","开局补给替换为3个随机3费角色。3费角色升至2/3星时，获得11%/33%速度增幅、22%/66%伤害增幅。","",""
"人才引进","开局拥有1个随机4费角色。","",""
"人身意外险","所有首领节点前都加入一个额外补给阶段。","",""
"仙舟概念股","开局时获得【仙舟】角色和初始简易装备，【仙舟】角色的刷新概率提高。","藿藿；丹恒•饮月","折叠小刀"
"仙舟邀请","获得一个【仙舟星徽】。","","仙舟星徽"
"公司契约","获得【翡翠】和【砂金】，累计获得40利息后，获得【托帕&账账】。","翡翠；砂金；托帕&账账",""
"减益概念股","开局时获得【减益】角色和初始简易装备，【减益】角色的刷新概率提高。","佩拉；黄泉","和平手枪"
"减益邀请","获得一个【减益星徽】。","","减益星徽"
"击破概念股","开局时获得【击破】角色和初始简易装备，【击破】角色的刷新概率提高。","忘归人；乱破","以太钻头"
"击破邀请","获得一个【击破星徽】。","","击破星徽"
"列车同行概念股","开局时获得【列车同行】角色和初始简易装备，【列车同行】角色的刷新概率提高。","三月七；姬子","幸运星"
"列车同行邀请","获得一个【列车同行星徽】。","","列车同行星徽"
"劳务派遣合同","获得随机星徽，每次进入首领节点时，获得对应羁绊的随机角色。","",""
"命运圣杯契约","获得【远坂凛】、【吉尔伽美什】，完成两次圣杯试炼后，获得【Archer】。","远坂凛；吉尔伽美什；Archer",""
"命运圣杯邀请","获得1个【命运圣杯星徽】。","","命运圣杯星徽"
"命运礼物","立刻获得一个【惊喜盒】，倒计时12个节点后礼盒打开，战斗完胜后，倒计时额外减少1点。","",""
"增发货币","第一/二/三位面开始时，获得一个6/8/12金币的晶矿。","",""
"夜之半神概念股","开局时获得【夜之半神】角色和初始简易装备，【夜之半神】角色的刷新概率提高。","赛飞儿；长夜月","和平手枪"
"夜之半神邀请","获得一个【夜之半神星徽】。","","夜之半神星徽"
"头彩","第一个投资策略是棱彩品质。","",""
"尾彩","第三个投资策略是棱彩品质。","",""
"彩虹时代","这局的投资策略均为棱彩品质。","",""
"成功经验","在你升到8级后，进入接下来3个节点时，获得12经验。","",""
"战争边疆","第三位面的所有战斗节点都替换为遭遇节点。","",""
"战力提升","获得1个随机2星1费的输出角色，进入新节点时，这位角色永久获得随机属性加成。","",""
"战力飙升","获得1个随机2星2费角色，进入新节点时，这位角色永久获得随机属性加成。","",""
"战技点契约","获得【丹恒•饮月】和花火。打开20个晶矿后，获得火花和1个随机战技点羁绊角色，之后每打开10个晶矿，都可重复获得一次角色奖励。","丹恒•饮月；花火；火花",""
"战技点概念股","开局时获得【战技点】角色和初始简易装备，【战技点】角色的刷新概率提高。","",""
"战技点邀请","获得一个【战技点星徽】。","","战技点星徽"
"持续伤害契约","获得【椒丘】和【卡芙卡】。敌人被消灭时，每陷入一个不同的持续伤害状态，获得1点计数。计数达到180时，获得【黑天鹅】。","卡芙卡；黑天鹅；椒丘",""
"持续伤害邀请","获得一个【持续伤害星徽】。","","持续伤害星徽"
"敌后破坏","开局时，使一个已生成的敌人词缀失效。","",""
"星核猎手契约","获得【卡芙卡】。当【刃】或【千冶•刃】、【卡芙卡】、【银狼LV.999】或【银狼】一起参与一次战斗后，获得【流萤】，在2个节点后才能将其上场。","卡芙卡；刃；银狼；流萤；银狼LV.999；千冶•刃",""
"星间旅人概念股","开局时获得【星间旅人】角色和初始简易装备，【星间旅人】角色的刷新概率提高。","银枝；真理医生","以太钻头"
"星间旅人邀请","获得一个【星间旅人星徽】。","","星间旅人星徽"
"昼之半神概念股","开局时获得【昼之半神】角色和初始简易装备，【昼之半神】角色的刷新概率提高。","阿格莱雅；缇宝","轮滑鞋"
"昼之半神邀请","获得一个【昼之半神星徽】。","","昼之半神星徽"
"欢愉契约","获得【银狼LV.999】，她每次触发独立羁绊【头号玩家】选项时，获得【火花】或【开拓者•欢愉】。","银狼LV.999；火花；开拓者•欢愉",""
"欢愉邀请","获得一个【欢愉星徽】。","","欢愉星徽"
"深井角斗场","本局首次达成5连胜时，获得【财富宝钻】。","",""
"火药味","开局时获得2个简易武装箱。","","简易武装箱"
"燃血概念股","开局时获得【燃血】角色和初始简易装备，【燃血】角色的刷新概率提高。","风堇；刃","生命之花"
"燃血邀请","获得一个【燃血星徽】。","","燃血星徽"
"特权阶级","第二位面开始时，获得1个特权武装箱。","","特权武装箱"
"特邀专家：停云","获得专家顾问【停云】，并使其在本局游戏中加入商店。停云施放终结技时，使目标队员获得等同于停云60%后台强度的前台强度，该效果仅对最新目标队员生效。","停云",""
"特邀专家：加拉赫","获得专家顾问【加拉赫】，并使其在本局游戏中加入商店。激活2/4/6/9击破羁绊时，获得1件【以太钻头】。","加拉赫","以太钻头"
"特邀专家：桑博","获得专家顾问【桑博】，并使其在本局游戏中加入商店。进入新节点时，老桑博会给你带来小礼物！登场的【桑博】星级越高，礼物越好！","桑博",""
"特邀专家：银狼","当你首次获得【银狼LV.999】时，获得专家顾问【银狼】，并使其在本局游戏中加入商店。","银狼LV.999；银狼",""
"狼狩概念股","开局时获得【狼狩】角色和初始简易装备，【狼狩】角色的刷新概率提高。","椒丘；飞霄","生命之花"
"狼狩邀请","获得一个【狼狩星徽】。","","狼狩星徽"
"白银时代","这局的投资策略均为白银品质，因此敌人难度不会由于选择高品质投资策略而提高。","",""
"盛会之星邀请","获得一个【盛会之星星徽】。","","盛会之星星徽"
"策略大师","获取投资策略时，获得（2*已拥有投资策略数）的金币。在3-5节点额外获得一个投资策略。","",""
"粗星佩佩","获得一个穿戴三个随机星徽的佩佩，粗心的佩佩有时候会把星徽落在你的物品栏。","佩佩",""
"红钻贵族","开局时拥有【红钻】和一个【简易武装箱】。","","简易武装箱；红钻"
"经济严重过热","本局的全部奖励节点替换为超级次元扑满主题！超级次元扑满会掉落超多战利品！！但它们跑得超快！！！","",""
"经济过热","本局的全部奖励节点替换为次元扑满主题，次元扑满会掉落更多战利品。","",""
"群攻概念股","开局时获得【群攻】角色和初始简易装备，【群攻】角色的刷新概率提高。","黑塔；那刻夏","以太钻头"
"群攻邀请","获得一个【群攻星徽】。","","群攻星徽"
"联席决策","在2-6节点进行一次额外的投资策略三选一。","",""
"能量概念股","开局时获得【能量】角色和初始简易装备，【能量】角色的刷新概率提高。","阿格莱雅；藿藿","光能电池"
"能量邀请","获得一个【能量星徽】。","","能量星徽"
"英雄登场","获得1个2星5费角色，19个节点后才能将其上场。战斗完胜后，上场节点额外提前1点。","",""
"蓝海","进入到一个随机投资环境中，开局额外获得6金币。","",""
"蓝钻贵族","开局时拥有【蓝钻】和一个【简易武装箱】。","","简易武装箱；蓝钻"
"贝洛伯格概念股","开局时获得【贝洛伯格】角色和初始简易装备，【贝洛伯格】角色的刷新概率提高。","桑博；希儿","量产型装甲"
"贝洛伯格邀请","获得一个【贝洛伯格星徽】。","","贝洛伯格星徽"
"轮岗","备战阶段开始时，使一个随机费用的刷新概率翻倍，每个备战阶段重新随机。","",""
"过剩经费","补给阶段中，角色会携带两件装备。","",""
"进化算法","进入新节点时，所有场上角色获得4%前后台强度和2%伤害减免，该效果可叠加。","",""
"追击概念股","开局时获得【追击】角色和初始简易装备，【追击】角色的刷新概率提高。","飞霄；真理医生","轮滑鞋"
"追击邀请","获得一个【追击星徽】。","","追击星徽"
"量子同频契约","花火和缇宝升星时，随机获得【符玄】或【希儿】。","符玄；希儿",""
"量子同频邀请","获得一个【量子同频星徽】。","","量子同频星徽"
"银•金•彩","本局在固定节点进行投资策略选择时，左、中、右的选项分别为银金彩品质，并且投资策略刷新次数+2。","",""
"银河学者概念股","开局时获得【银河学者】角色和初始简易装备，【银河学者】角色的刷新概率提高。","艾丝妲；阮•梅","光能电池"
"银河学者邀请","获得一个【银河学者星徽】。","","银河学者星徽"
"长线利好","花费金币进行30次刷新后，获得20金币，之后在本局游戏中，只需要1金币就能刷新。","",""
"黄金时代","这局的投资策略均为黄金品质。","",""