名字,稀有度,内容,出现位面
特战资金,银色,进入首领节点时，获得7枚金币。,1
特战资金+,银色,进入首领节点时，获得11枚金币。,2
经验到账,银色,获得10经验值。,1
免费午餐,银色,获得11次免费刷新。,"2,3"
二费援军,银色,获得4个随机2费角色。,1
三费援军,银色,获得4个随机3费角色。,2
四费援军,银色,获得4个随机4费角色。,3
存款回报,银色,每次进入新节点时，如果在上个节点没有花费金币，则获得2次免费刷新。,1
尾款交付,银色,进入最后一个补给阶段后，获得30金币。,"1,2"
打捞人才库,银色,每次进入补给阶段后，随机获得一个未被选择的角色及其携带的装备。,1
打捞人才库+,银色,每次进入补给阶段后，随机获得一个未被选择的角色及其携带的装备。获得1个随机简易装备和4金币。,2
胜利，还是胜利,银色,使当前连胜数变为4。获得4金币。,1
全队的希望,银色,处在前台1号位的我方角色获得15%伤害增幅和15%生命增幅。,"2,3"
黄金期货,银色,5个节点后，进行一次不能刷新的黄金投资策略三选一。,1
返利,银色,每购买3个5费角色，获得3金币。,2
规模效应,银色,首次拥有8个一样的角色时，获得1个【  完美投影仪 】。,"1,2"
军火贸易,银色,获得1个【  简易武装箱 】，获得4金币。,1
军火贸易+,银色,获得1个【  简易武装箱 】，获得8金币。,2
人才激励,银色,获得1个【  员工投影仪 】，4个节点后，获得1个【  员工投影仪 】。,1
人才激励+,银色,获得1个【  员工投影仪 】，3个节点后，获得1个【  员工投影仪 】。,2
成长基金,银色,在你到达9级时，提供40金币。,"1,2"
武力刷新,银色,合成装备时，获得2次刷新。,2
节省工位,银色,在接下来3个节点只有3个备战席位置。随后，获得3件简易装备。,1
躺平,银色,你无法在商店购买角色和刷新，持续3个节点。在此之后，获得20金币。,1
公司人才流动,银色,每次进入新节点时，处在备战席最右侧3个位置的角色变为随机的同费用角色。获得2金币。,1
市场干预,银色,下一次和每4次商店刷新都将是全3费角色。获得5次刷新。,2
恢复生机,银色,最终首领战结束时，回复40点小队生命值。,3
扩充团队,银色,获得2个1费角色，2个2费角色和1个3费角色。,1
武装支援,银色,获得1件随机简易装备和2个随机3费角色。,"1,2"
武装支援+,银色,获得1件随机简易装备和1个随机4费角色，获得6金币。,3
爆晶矿•银,银色,我方小队消灭敌方目标时，有20%概率获得一个战利品晶矿。,1
买彩票,银色,获得1个随机星徽。,1
买彩票+,银色,获得1个随机星徽和1个【  冶金炉 】。,"2,3"
公司军火更新•银,银色,每次进入新节点时，你物品栏里的装备变为同品质的其他装备。获得1件随机简易装备。,"1,2"
许诺特权,银色,在进入7个节点后，获得1个【  特权武装箱 】。,1
赌神•银,银色,获得一个【  随便骰子 】。,"1,2"
团队力量•银,银色,每有一个已激活的非独立羁绊，小队就会获得3%前/后台强度。,"1,2,3"
应援团,银色,进入战斗时，如果后排至少有4个角色，我方小队速度增幅提高15%。,"2,3"
正能量,银色,进入战斗时，我方小队恢复等同于能量上限20%的能量。,"1,2,3"
孪生素数,金色,获得本投资策略后，首次购买1/2/3/4/5费角色时，获得2/3/5/7/11点经验值。,2
加油站,金色,现在及每次进入新节点时获得1次免费刷新，立刻获得8金币。,1
价值投资•金,金色,获得1个随机的2星1费角色。每次进入新节点时，获得1星的该角色，补给后额外获得2个，持续至本局游戏结束。,1
枪在手,金色,立刻获得1件随机简易装备，首领战后，获得1件随机简易装备。,1
小复制,金色,获得2个【  员工投影仪 】。获得7金币。,1
小复制+,金色,获得2个【  员工投影仪 】。获得13金币。,2
延迟收益,金色,在战斗开始100行动值后，我方小队伤害增幅提高40%。,"1,2,3"
市场活力,金色,商店中有概率出现2星的1费或2费角色，出现概率随等级提升。,1
不要小看我们的羁绊,金色,当你激活8个羁绊并完成一场战斗后，进入节点时获得5个随机星徽。,2
星级压制,金色,我方小队获得10%速度增幅，攻击星级低于自身的敌人后，额外造成1次等同于原伤害20%的真实伤害。,"1,2,3"
彩虹期货,金色,5个节点后，进行一次不能刷新的棱彩投资策略三选一。,1
采购专员•金,金色,每7次刷新，商店会刷出5张费用相同的角色，费用为你备战席最左侧角色的费用。,"1,2,3"
长期主义,金色,现在及接下来3次进入新节点时，每次获得7金币。,2
长期主义+,金色,现在及接下来3次进入新节点时，每次获得9金币。,3
砂里淘金,金色,合成2星2费角色时，获得1张【  砂金 】。,"1,2"
星变,金色,战斗开始时，使一个随机1费角色变为3星。,"2,3"
嘴硬,金色,战斗失败时，受到的小队生命值伤害提高5点，但能维持原来的连胜数。获得6金币。,"1,2"
固定理财,金色,现在以及每个位面开始时，获得4经验值和2次免费刷新。,1
固定理财+,金色,现在以及每个位面开始时，获得6经验值和3次免费刷新。,2
市场混乱,金色,在奖励节点的备战阶段，你的商店每4秒进行一次强制刷新，持续7次。,1
列车同行星徽,金色,获得1个【  列车同行星徽 】，和1个【  丹恒•饮月 】。,"1,2,3"
银河学者星徽,金色,获得1个【  银河学者星徽 】，和1个【  艾丝妲 】。,"1,2,3"
贝洛伯格星徽,金色,获得1个【  贝洛伯格星徽 】，和1个【  希儿 】。,"1,2,3"
星间旅人星徽,金色,获得1个【  星间旅人星徽 】，和1个【  银枝 】。,"1,2,3"
仙舟星徽,金色,获得1个【  仙舟星徽 】，和1个【  藿藿 】。,"1,2,3"
狼狩星徽,金色,获得1个【  狼狩星徽 】，和1个【  椒丘 】。,"1,2,3"
盛会之星星徽,金色,获得1个【  盛会之星星徽 】，和1个【  花火 】。,"1,2,3"
昼之半神星徽,金色,获得1个【  昼之半神星徽 】，和1个【  风堇 】。,"1,2,3"
夜之半神星徽,金色,获得1个【  夜之半神星徽 】，和1个【  万敌 】。,"1,2,3"
追击星徽,金色,获得1个【  追击星徽 】，和1个【  飞霄 】。,"1,2,3"
击破星徽,金色,获得1个【  击破星徽 】，和1个【  阮•梅 】。,"1,2,3"
群攻星徽,金色,获得1个【  群攻星徽 】，和1个【  翡翠 】。,"1,2,3"
能量星徽,金色,获得1个【  能量星徽 】，和1个【  星期日 】。,"1,2,3"
治疗星徽,金色,获得1个【  治疗星徽 】，和1个【  风堇 】。,"1,2,3"
燃血星徽,金色,获得1个【  燃血星徽 】，和1个【  万敌 】。,"1,2,3"
减益星徽,金色,获得1个【  减益星徽 】，和1个【  黄泉 】。,"1,2,3"
持续伤害星徽,金色,获得1个【  持续伤害星徽 】，和1个【  卡芙卡 】。,"1,2,3"
量子同频星徽,金色,获得1个【  量子同频星徽 】，和1个【  希儿 】。,"1,2,3"
护盾星徽,金色,获得1个【  护盾星徽 】，和1个【  砂金 】。,"1,2,3"
战技点星徽,金色,获得1个【  战技点星徽 】，和1个【  丹恒•饮月 】。,"1,2,3"
幸运星祝福,金色,获得1个【  幸运星 】。我方小队获得15%幸运一击率和5%速度增幅。,"1,2,3"
折叠小刀祝福,金色,获得1个【  折叠小刀 】。我方小队获得30%前台强度和5%伤害增幅。,"1,2,3"
和平手枪祝福,金色,获得1个【  和平手枪 】。我方小队获得30%后台强度和15初始能量。,"1,2,3"
生命之花祝福,金色,获得1个【  生命之花 】。我方小队获得15%生命增幅和5%治疗强度。,"1,2,3"
量产型装甲祝福,金色,获得1个【  量产型装甲 】。我方小队获得15%伤害减免和5%护盾强度。,"1,2,3"
开源节流,棱彩,获得10金币，利息上限提升至9。进入新节点时，如果上个节点你没有花费金币，则可获得最大利息的金币数。,1
商业间谍,棱彩,购买经验的花费减1，升级时刷新商店，并偷取其中最贵的3个角色。,1
概率事件,棱彩,刷新时有45%概率获得一次免费刷新。,"1,2"
天降救兵,棱彩,获得一个随机3星1费角色，获得1个【  简易武装箱 】。,1
被动收入,棱彩,每次进入新节点时获得经验，数值等同于你备战席最左侧角色的基础费用。,1
及时雨,棱彩,获得3个随机2星4费角色和1个【  完美投影仪 】，获得4次免费刷新。,3
利息上调,棱彩,获得25金币。你的最大利息提升至10金币。,1
买断制,棱彩,你不再获得利息。即刻获得15金币。每次进入新节点时，获得4经验。,1
本金充裕,棱彩,获得26金币。每次进入新节点时，若拥有超过50金币，每额外10金币就会获得1次免费刷新(最多3次)。,2
本金充裕+,棱彩,获得45金币。每次进入新节点时，若拥有超过50金币，每额外10金币就会获得1次免费刷新(最多3次)。,3
节节高升,棱彩,在你每次升级时获得1个2星角色和1金币。这个角色的费用是你的等级减4(最小值：1费)。,1
彩虹矿,棱彩,在下个奖励节点额外获取一个棱彩晶矿，里面装满了丰厚的战利品。,1
晋升名额,棱彩,购买经验时，使商店中的一个随机角色变为高1费的另一个随机角色。,"2,3"
公司严选,棱彩,现在及每个位面开始时，开启一个由5个独特4费角色组成的商店，并获得3金币。,1
淘金客,棱彩,你每次消耗金币刷新商店，都会获得2经验值。,"1,2"
列车同行星徽套组,棱彩,获得1个【  列车同行星徽 】，和1个【  丹恒•饮月 】，以及1个【  高周波电锯 】。,"1,2,3"
银河学者星徽套组,棱彩,获得1个【  银河学者星徽 】，和1个【  艾丝妲 】，以及1个【  胜利之旗 】。,"1,2,3"
贝洛伯格星徽套组,棱彩,获得1个【  贝洛伯格星徽 】，和1个【  希儿 】，以及1个【  武器大师 】。,"1,2,3"
星间旅人星徽套组,棱彩,获得1个【  星间旅人星徽 】，和1个【  银枝 】，以及1个【  永动机 】。,"1,2,3"
仙舟星徽套组,棱彩,获得1个【  仙舟星徽 】，和1个【  藿藿 】，以及1个【  生命之环 】。,"1,2,3"
狼狩星徽套组,棱彩,获得1个【  狼狩星徽 】，和1个【  椒丘 】，以及1个【  生命之环 】。,"1,2,3"
盛会之星星徽套组,棱彩,获得1个【  盛会之星星徽 】，和1个【  花火 】，以及1个【  信心注入器 】。,"1,2,3"
昼之半神星徽套组,棱彩,获得1个【  昼之半神星徽 】，和1个【  风堇 】，以及1个【  生命之环 】。,"1,2,3"
夜之半神星徽套组,棱彩,获得1个【  夜之半神星徽 】，和1个【  万敌 】，以及1个【  杀红眼 】。,"1,2,3"
追击星徽套组,棱彩,获得1个【  追击星徽 】，和1个【  飞霄 】，以及1个【  永动机 】。,"1,2,3"
击破星徽套组,棱彩,获得1个【  击破星徽 】，和1个【  阮•梅 】，以及1个【  流星飞翼 】。,"1,2,3"
群攻星徽套组,棱彩,获得1个【  群攻星徽 】，和1个【  翡翠 】，以及1个【  反卫星狙击枪 】。,"1,2,3"
能量星徽套组,棱彩,获得1个【  能量星徽 】，和1个【  星期日 】，以及1个【  胜利之旗 】。,"1,2,3"
治疗星徽套组,棱彩,获得1个【  治疗星徽 】，和1个【  风堇 】，以及1个【  生命之环 】。,"1,2,3"
燃血星徽套组,棱彩,获得1个【  燃血星徽 】，和1个【  万敌 】，以及1个【  杀红眼 】。,"1,2,3"
减益星徽套组,棱彩,获得1个【  减益星徽 】，和1个【  黄泉 】，以及1个【  高周波电锯 】。,"1,2,3"
持续伤害星徽套组,棱彩,获得1个【  持续伤害星徽 】，和1个【  卡芙卡 】，以及1个【  反重力皮靴 】。,"1,2,3"
量子同频星徽套组,棱彩,获得1个【  量子同频星徽 】，和1个【  希儿 】，以及1个【  反重力皮靴 】。,"1,2,3"
护盾星徽套组,棱彩,获得一个【  护盾星徽 】，和1个【  砂金 】，以及1个【  自适应外骨骼 】。,"1,2,3"
战技点星徽套组,棱彩,获得1个【  战技点星徽 】，和1个【  丹恒•饮月 】，以及1个【  高周波电锯 】。,"1,2,3"
优势火力论,棱彩,获得1个【  特权赋予卡 】和1个【  简易武装箱 】。,"2,3"
财富就是力量,棱彩,获得1个【  财富宝钻 】，该装备额外提供30%前/后台强度和20%速度增幅。,"2,3"
复印件,棱彩,获得一个已经拥有的星徽的复制，获得24点经验。,"2,3"
客制化服务,棱彩,【  随便骰子 】会为你的角色随机出其推荐列表中的装备。获得3个【  幸运星 】。,"1,2,3"
军备供应链,棱彩,获得1个【  简易武装箱 】，接下来5个节点开始时，获得1个【  简易武装箱 】。,"1,2"
公司军火更新•彩,棱彩,每次进入新节点时，物品栏里的装备变为同品质的其他装备。 获得1件随机特权装备。,"1,2"
手枪发烧友,棱彩,获得5个【  和平手枪 】。【  和平手枪 】提供5%幸运一击率。,"2,3"
幸运之子,棱彩,我方小队幸运一击率提高25%。进入战斗时，我方小队中幸运一击率达到100%的角色，自身与忆灵幸运一击伤害提高40%。,"1,2,3"
超光速提拔,棱彩,战斗开始时：1个随机的1费角色在这场战斗中升为4星，并获得5%前/后台强度。,"1,2,3"
佩佩驾到,棱彩,获得1个携带着3个永久附着星徽的【佩佩】。获得8金币。,1
以战养战,银色,在遭遇节点战斗后，获得1个【  简易武装箱 】。获得6金币。,1
全员晋升,银色,场上的所有角色会永久升级成比自身高1费的随机角色(最大5费)。获得2个【  拆装扳手 】。,2
人力重组,银色,出售场上和备战席的所有角色。获得1个随机的2星3费角色、2个2星2费角色和2个2星1费角色。,2
合并同类项,银色,刷新商店时，若刷新的角色中出现2个相同的角色，获得1金币。获得4次免费刷新。,1
无伤通关,银色,战斗结束时，若此次战斗中没有角色陷入过无法战斗状态，获得1金币。立即获得1个【  生命之花 】。,1
招聘资金,银色,获得2张  3费聘用书 ，获得4金币。,1
招聘资金+,银色,获得2张  4费聘用书 ，获得5金币。,3
气氛组,银色,战斗结束时，每有2名伤害统计中造成伤害为0的角色，获得1经验。,1
气氛组+,银色,战斗结束时，每有2名伤害统计中造成伤害为0的角色，获得1经验。获得8经验。,2
健康充值,银色,获得30点小队生命和30点小队生命上限。,"2,3"
溜佩佩,银色,获得9金币，什么都没带的佩佩会在你的后排逛街，让小队获得1%前/后台强度。,1
溜佩佩+,银色,获得15金币，什么都没带的佩佩会在你的后排逛街，让小队获得1%前/后台强度。,"2,3"
招财狗,银色,获得一个佩佩。战斗胜利后，若未损失小队生命值，则每有一个佩佩就会为你提供1金币。,1
钻石商人,银色,升到9级时，获得【  财富宝钻 】。,"1,2"
保险,银色,每损失20点小队生命值，获得5金币和1个随机简易装备。,1
自由市场,银色,每当你将要获得一件简易装备时，改为获得1个【  简易武装箱 】。获得1个随机的简易装备。,1
先亏后盈,银色,损失20点小队生命值，4个节点后获得2个【  简易武装箱 】。,"1,2"
完美开局,银色,战斗中，关卡进度小于40%时，我方小队前/后台强度提高40%。,"2,3"
效率员工奖,银色,进入战斗时，速度最高的三名角色及其忆灵速度增幅提高10%。,"1,2,3"
基层贡献,银色,你的场上每有一个1费角色，我方小队获得3%速度增幅和2%伤害减免。3星1费改为提供3倍。,1
榜样的力量•银,银色,战斗中，伤害统计排名第一的队员成为【榜样】，前/后台强度提高25%。,"1,2,3"
当头一棒,银色,每个波次开始时，对生命上限最高的敌方目标造成1000%基础伤害，并使其陷入【脆弱】：受到的伤害提高30%。,"1,2,3"
简单模式,银色,敌人难度降低3，最多降低至0。,"1,2,3"
难度修改器,银色,遭遇和首领节点的敌人难度降低4，最多降低至0。,"1,2,3"
爆晶矿•金,金色,我方小队消灭敌方目标时，有30%概率获得一个战利品晶矿。,1
大裁员,金色,出售场上和备战席的所有角色，获得双倍价格的金币。获得6次免费刷新。,2
四费晋升,金色,你购买的下1个4费角色将立刻升到2星。获得12金币。,3
降本增效,金色,出售场上和备战席的所有角色，获得双倍价格的金币。你接下来6次购买角色是免费的。,2
空仓,金色,获得1件随机的简易装备。进入新节点时，如果物品栏和备战席没有任何装备(消耗品除外)，则获得2经验值。,1
超发货币,金色,失去你现在所有的金币，并在5个节点后，获得该金币数+70的总金币。,2
人才空洞,金色,节点开始时，如果备战席角色小于等于4名，则获得3经验。,1
人才济济,金色,节点开始时，如果备战席角色大于等于8名，则获得3经验。,1
剩余价值,金色,战斗结束时，你每剩余30行动值，就会在结算时获得1金币。最多获得4金币。,1
成本控制,金色,战斗结束时，你每剩余10行动值，就会在结算时回复1点小队生命值。最多获得8小队生命值。立即获得8金币、15点小队生命值和15点生命上限。,2
五百强,金色,首次有我方队员在战斗中达到500前台或后台强度时，获得30金币。立即获得【  折叠小刀 】、【  和平手枪 】。,1
大扩招,金色,扣除你的金币，每损失4金币，获得一个随机4费角色，最多扣除40金币。获得1个【  完美投影仪 】和16金币。,3
白银投资,金色,立刻进行一次白银投资策略三选一，选择有3次刷新机会。3个节点后，再获得一个。,"1,2"
专家招募,金色,获得2个  5费聘用书 ，获得4金币。,2
公司军火更新•金,金色,每次进入新节点时，你物品栏里的装备变为同品质的其他装备。获得2件随机简易装备。,"1,2,3"
回收计划,金色,出售角色时，会将进阶装备拆分成简易装备。获得1件进阶装备，并在5个节点后获得1件随机简易装备。,1
升级锅炉,金色,对简易装备使用  冶金炉 会使其变为随机进阶装备，获得2个【  冶金炉 】。,"1,2"
秘密典籍,金色,获得1个【  星徽秘典 】，获得8金币。,1
秘密典籍+,金色,获得1个【  星徽秘典 】，获得12金币。,"2,3"
全武行,金色,获得1个【  武器大师 】，【  武器大师 】额外提供5%幸运一击率，5%幸运一击伤害，5%速度增幅。,"1,2"
这么大的钻石,金色,佩佩携带【  财富宝钻 】出现，这么大的钻石，送给你！,"2,3"
人海战术,金色,我方小队的前/后台强度提高10%。战斗中，我方小队在场的角色与忆灵数量之和大于8时，我方小队的前/后台强度提高20%。,"1,2,3"
打通上下游•金,金色,我方小队速度增幅提高10%。每个节点开始时，速度增幅额外提高1%。,1
现金为王,金色,出售场上和备战席的所有角色，之后每场进入战斗时，为我方前台提供护盾，护盾量等同于该次出售角色所获得总金币数*1000。,2
独狼,金色,若角色不具有已激活的非独立羁绊，使其获得120%前/后台强度和36%伤害减免。,1
中产阶级,金色,我方小队里每有1位2星角色，使小队获得5%伤害减免和15%前/后台强度。,1
前段发力,金色,我方小队在进入战斗时行动提前40%，前/后台强度提高60%，每经过1行动值，降低1%，最多降低至0。,"1,2,3"
三三三,金色,3星/3费/穿戴3件装备的角色，获得10%速度增幅和20%前/后台强度，满足不同条件的效果可叠加。,"2,3"
创伤小组,金色,我方小队伤害增幅提高15%，进入战斗时，生命上限降低30%，受到致命攻击时，行动值惩罚减少20点。,"1,2,3"
绕口令,金色,进入战斗时，前台一号位角色及其忆灵获得等同于后台一号位角色30%后台强度的前台强度，后台一号位角色及其忆灵获得等同于前台一号位角色30%前台强度的后台强度。,"1,2,3"
风暴骑士,金色,前台一号位角色获得150%速度增幅。进入战斗时，该角色回合开始时，受到等同于生命上限70%固定数值的风属性附加伤害。,"2,3"
幸运中的幸运,金色,进入战斗时，我方队员幸运一击率若大于20%，则降低至20%，每通过该方式降低1%幸运一击率，使幸运一击伤害提高2%。,"1,2,3"
榜样的力量•金,金色,战斗中，伤害统计排名第一的队员成为【榜样】，前/后台强度提高40%。其他队员前/后台强度提高10%。,"1,2,3"
OOTD•金,金色,我方小队每穿戴一件不同的装备，获得3%生命提高，6%前/后台强度。,"2,3"
打人就打脸•金,金色,我方小队幸运一击率提高10%，造成幸运一击伤害后使受击目标陷入【脆弱】：受到的伤害提高30%，持续1回合。,"1,2,3"
团队力量•金,金色,每有一个已激活的羁绊，小队就会获得6%前/后台强度和4%生命增幅。,"1,2,3"
钻石恒永久,金色,获得1个【  红钻 】，角色每携带1件钻石或由钻石合成的装备，在进入新节点时会永久获得3%伤害增幅。,"1,2,3"
空仓+,金色,获得1件随机的简易装备和10经验值。进入新节点时，如果物品栏和备战席没有任何装备(消耗品除外)，则获得2经验值。,2
彩虹矿+,棱彩,在下个奖励节点额外获取一个棱彩晶矿，里面装满了丰厚的战利品。,"2,3"
爆晶矿•彩,棱彩,我方小队消灭敌方目标时，有45%概率获得一个战利品晶矿。,1
高效决策,棱彩,获得9999次免费刷新，但是只持续#2s。持续时间结束时，移除你所有的免费刷新。,"2,3"
奋斗协议,棱彩,购买经验值消耗6点小队生命值而非金币。首领战斗结束时回复50点小队生命值。,1
临时工合约,棱彩,获得8个【  员工投影仪 】，进入下个节点时，所有未使用的【  员工投影仪 】都会消失。,3
武装突入,棱彩,遭遇节点的奖励变为2倍。获得2个【  简易武装箱 】。,1
黄晶矿工,棱彩,开启晶矿时，有50%概率获得一个低一档的晶矿，有极低概率获得棱彩晶矿。立刻获得一个黄金晶矿。,1
黄金投资,棱彩,立刻进行一次黄金品质投资策略三选一，选择有3次刷新机会。3个节点后，再获得一个。,"1,2"
决议：娱乐星球,棱彩,你受到的伤害加倍，进入战斗时，若拥有180枚金币，将本局游戏剩余的非首领节点替换为奖励节点。获得50金币。,1
伟大征服,棱彩,连胜奖励变为3倍，敌人难度+N，N为你的当前连胜数。获得12经验。,1
孪生姵姵,棱彩,获得一个姵姵，它看起来和你的佩佩一模一样！,"2,3"
价值投资•彩,棱彩,获得1个随机的2星2费角色。每次进入新节点时，获得1星的该角色，补给后额外获得2个，持续至本局游戏结束。,1
节假日礼盒,棱彩,获得随机的大笔奖励。,3
藏一手,棱彩,我方小队生命值将降低至0时，免疫这次伤害并将生命值变为40点，并获得30点经验和80金币。,2
控制规模,棱彩,最大等级变为7级，获得【  财富宝钻 】和40金币。,"2,3"
星际和平保险,棱彩,获得等同于你已损失生命数量的金币。战斗后恢复10点小队生命值。,3
战术义眼,棱彩,我方小队消灭普通/精英及首领敌人时，恢复25%/75%能量。,1
榜样的力量•彩,棱彩,战斗中，伤害统计排名第一的队员成为【榜样】，前/后台强度提高70%。其他队员施放攻击后，对攻击目标造成等同于【榜样】累计伤害1%的真实伤害。,"1,2,3"
万箭齐发,棱彩,战斗开始时，发射风箭攻击随机敌方目标，箭矢数量等同于小队总星数+8，每根风箭造成等同于1600%基础伤害的风属性伤害。,"2,3"
后勤超响应,棱彩,角色的后台强度提高，其数值等同于后台总星数×12%。,"2,3"
三五成群,棱彩,后台角色数量达到3名/5名及以上时，你的小队获得5%/30%速度增幅和10%/50%前/后台强度。,"2,3"
基本保障,棱彩,至少携带1件装备的角色获得20%生命增幅和16%伤害增幅。,"1,2,3"
更快，更幸运,棱彩,进入战斗时，速度最高的角色及其忆灵速度增幅提高8%，幸运一击率提高12%。每经过20行动值，在另一名我方角色上重复此效果。,"2,3"
鲜血阶梯,棱彩,获得【  斩首行动 】。我方队员每消灭一名精英/首领敌人，我方小队在本局伤害增幅永久提高8%。,1
战术义眼++,棱彩,我方小队消灭普通/精英及首领敌人时，恢复25%/75%能量。获得1个【  进阶武装箱 】。,3
打通上下游•彩,棱彩,我方小队获得15%前/后台强度，每次进入新节点时，该加成提高3%。,1
野蛮成长,棱彩,战斗开始时，随机两名前台角色获得100%前台强度提高，随机两名后台角色获得100%后台强度提高。,"2,3"
保守派,棱彩,我方小队获得8%伤害减免。进入战斗时，生命上限最低的角色额外获得12%伤害减免。获得一件【  进阶武装箱 】。,"1,2,3"
攻防一体,棱彩,我方小队获得25%伤害减免，且获得等同于伤害减免的伤害增幅。,"1,2,3"
幸运闪避EX,棱彩,我方小队获得25%幸运一击率，受到敌人攻击时，有等同于30%幸运一击率的概率使受到的伤害变为1。,"1,2,3"
羁绊的力量,棱彩,每有一个已激活的非独立羁绊，小队就会获得5%伤害增幅和3%伤害减免。,"1,2,3"
多元化团队,棱彩,获得2个【  财富宝钻 】，你的羁绊最多只能激活到4人口对应的效果。,"2,3"
终身学习,棱彩,现在以及每个位面开始时，获得【  星徽秘典 】。,1
佩佩客串,棱彩,佩佩闪亮登场！每完美通关一个战斗节点，佩佩就会穿戴一件进阶装备，进入5个节点后，阿兰接走佩佩们并留下所有装备。,"1,2"
装备方案A,棱彩,获得【  光速螺旋桨 】、【  反重力皮靴 】和【  折叠小刀 】。,"1,2,3"
装备方案B,棱彩,获得【  冷笑话引擎 】、【  永动机 】和【  和平手枪 】。,"1,2,3"
入职礼包,棱彩,进入战斗时：携带了2件装备的至多4个角色会获得一件处在推荐列表中的随机进阶装备。,"2,3"
独家代言,棱彩,从3件进阶装备中选择一件获取。本局游戏中，你获得组成该装备的简易装备时，改为获得该进阶装备。,1
定期福利,金色,立刻获得4个金币，并且在每次进入新节点时，获得2金币。,1
回收计划+,金色,出售角色时，会将进阶装备拆分成简易装备。获得1件进阶装备，并在4个节点后获得1件随机简易装备。,"2,3"
黄金期货+,银色,4个节点后，进行一次不能刷新的黄金投资策略三选一。,2
返利+,银色,每购买3个5费角色，获得3金币。立刻获得6金币。,3
枪在手+,金色,立刻获得2件随机简易装备，首领战后，获得1件随机简易装备。,2
彩虹期货+,金色,4个节点后，进行一次不能刷新的棱彩投资策略三选一。,2
专家招募+,金色,获得2个  5费聘用书 ，获得12金币。,3
战术义眼+,棱彩,我方小队消灭普通/精英及首领敌人时，恢复25%/75%能量。获得1个【  简易武装箱 】。,2
采购专员•彩,棱彩,每5次刷新，商店会刷出5张费用相同的角色，费用为你备战席最左侧角色的费用。,"1,2,3"
红钻闪耀,金色,获得1个【  红钻 】。进入3个节点后，获得【  简易武装箱 】。,"1,2,3"
蓝钻闪耀,金色,获得1个【  蓝钻 】。进入3个节点后，获得【  简易武装箱 】。,"1,2,3"
精密拆装•银,银色,获得1个【  精密拆装扳手 】。获得1个随机简易武装。,"1,2,3"
精密拆装•金,金色,获得1个【  精密拆装扳手 】，1个【  冶金炉 】和2个随机简易武装。,"1,2,3"
精密拆装•彩,棱彩,获得1个【  精密拆装扳手 】和1个【  随便骰子•特权 】。,"1,2,3"
金币大使叽米,棱彩,超稀有的叽米登场！爆出超多金币！！,"2,3"
星徽大使叽米,棱彩,超稀有的叽米登场！爆出超多星徽！！,"2,3"
好运令牌•银,银色,进入3个节点后，获得1个【  好运令牌 】。,"1,2"
好运令牌•金,金色,获得1个【  好运令牌 】和1件随机简易装备。,"1,2,3"
好运令牌•彩,棱彩,获得1个【  好运令牌 】。每累计进入4个节点后，获得1个【  好运令牌 】。,2
星魂升华,金色,本局游戏中，我方前台角色的星魂提高1阶,"1,2,3"
全都要•银,银色,本局游戏中，补给阶段的可选项减少2个。下1个补给阶段选择后，额外获得所有未选择的角色及装备。,"1,2"
是钻石总会发光,银色,2个节点后，获得【  红钻 】或【  蓝钻 】。,"1,2,3"
幸运喷雾,银色,我方小队的幸运一击伤害提高25%。,"1,2,3"
全都要•金,金色,本局游戏中，补给阶段的可选项减少2个。下2个补给阶段选择后，额外获得所有未选择的角色及装备。,2
好运来,金色,合成与获得进阶装备时，改为获得一个【  好运令牌 】。获得2件随机简易装备。,"1,2,3"
爆仓,金色,我方小队攻击敌方目标后，若其生命值百分比少于16%，将其【斩杀】。,"1,2"
偶像经济,棱彩,获得【  火花 】和一个【  火花 礼盒】，倒计时10个节点后礼盒打开，提供大量奖励！战斗完胜时，额外减少1点倒计时。,2
全都要•彩,棱彩,本局游戏中，补给阶段的可选项减少2个。补给阶段选择后，额外获得所有未选择的角色及装备。,1
分解万物,棱彩,获得一个【  物质分解液 】，本局游戏中，你的所有进阶装备变成【  物质分解液 】。它将额外造成3次伤害，对普通/精英及首领敌人分别造成2%/1%生命上限百分比的真实伤害，并使我方小队获得4%伤害减免。,2
完美进化,棱彩,获得一个【  战场进化手册 】，进入战斗时，穿戴【  战场进化手册 】的1星角色会变为2星。4个节点后，获得一个【  战场进化手册 】。,"1,2,3"
脱颖而出,棱彩,穿戴3件装备的角色在进入战斗时，会将其中随机一件变为特权装备，持续到战斗结束。,"1,2,3"
数值碾压,棱彩,角色穿戴的简易装备额外提供8倍的基础属性。获得2件随机简易装备。,"1,2,3"
轮回不止,棱彩,获得【  白厄 】和一件【轮回者】装备。进入第二/三位面时，再获得一次。当前【轮回者】装备：本局游戏结束时，【  白厄 】携带着装备成为新的【轮回者】。若游戏结束时【  白厄 】不在队伍中，【轮回者】的装备变为初始状态。,1
融合召唤,棱彩,给角色穿戴2件相同进阶装备时，它们会合成为对应的特权装备。获得1个【  简易武装箱 】。,"1,2,3"
定点爆破,棱彩,每个波次开始时，【重锤】立即对当前生命值最高的敌人造成999999%基础伤害，最多对首领敌人造成50%生命上限的伤害。,"1,2,3"
摸个鱼吧 I,金色,获得专家顾问【  青雀 】，并使其在本局游戏中加入商店。获得6金币。深思熟虑5个节点后，  青雀 会想出黄金投资策略！,1
摸个鱼吧 II,金色,获得2个【  青雀 】和6金币。深思熟虑5个节点后，  青雀 会想出棱彩投资策略！,"1,2,3"
摸个鱼吧 III,棱彩,摸到了！获得18个【  青雀 】和2个【  好运令牌 】！,"1,2,3"
加拉赫顾问,金色,获得专家顾问【  加拉赫 】，并使其在本局游戏中加入商店。获得【  生命之花 】和4金币。,"1,2,3"
快请专家•金,金色,获得1个【  专家邀请函 】，4个节点后，获得2个【  员工投影仪 】。,"1,2"
快请专家•彩,棱彩,获得2个【  专家邀请函 】，1个【  好运令牌 】和1个【  进阶武装箱 】。,"1,2,3"
琼玉专家：青雀,棱彩,获得装备着3个随机星徽的专家顾问【  青雀 】，并使其在本局游戏中加入商店。获得2个【  冶金炉 】。,"1,2"
贸易专家：停云,棱彩,获得专家顾问【  停云 】，并使其在本局游戏中加入商店。并获得4个【  简易武装箱 】、【  精密拆装扳手 】和10金币。,"1,2,3"
调饮专家：加拉赫,棱彩,获得装备着【  绝对热量 】的专家顾问【  加拉赫 】，并使其在本局游戏中加入商店。  加拉赫 行动时，为我方全体恢复3点能量并触发【  绝对热量 】的生命回复效果。,"1,2,3"
停云顾问,金色,获得专家顾问【  停云 】，并使其在本局游戏中加入商店。获得【  光能电池 】和4金币。,"1,2,3"
成长的快乐,银色,升到8级后，你购买经验所需的金币降低1金币。立刻获得4经验。,"1,2,3"
二极管,银色,本场对局中，你的遭遇节点只有最低和最高两个难度；获得10小队生命值和生命上限，获得6金币。,1
免费升舱,银色,本场对局中，你的遭遇奖励提高1级（遭遇4也能获得额外奖励）。立刻获得4金币。,"1,2,3"
无害垃圾,银色,获得一个【  垃圾袋 】并获得8金币。,"1,2"
免战牌,银色,进入战斗节点时，直接跳过战斗并进入下一个节点，可生效2次。获得30点经验。,2
阿哈大悦,金色,【欢愉】羁绊激活时，阿哈获得40%伤害增幅。从4件简易装备中为阿哈选择1件，祂的羁绊简易装备全部变为该简易装备，获得1个【  简易武装箱 】。阿哈已合成的进阶装备会被拆散，你提供的那件简易装备会回到你的装备栏。,"1,2,3"
广聚天下英才,金色,获得所有2费角色各一个。,2
欢愉星徽,金色,获得1个【  欢愉星徽 】，和1个【  绯英 】。,"1,2,3"
黄金垃圾,金色,获得一个【  金垃圾袋 】，它提供大量属性和15金币。,"1,2,3"
退化,金色,使最右侧的敌人词缀失效，并使敌人难度-5。获得8金币。,"1,2"
愚者恶作剧,金色,商店中出现的的2/4费卡有20%的概率变为【  花火 】/【  火花 】，进入新节点时，备战席的1星【  花火 】/【  火花 】会留下2/4金币并去别处找乐子。,"1,2,3"
乱成一锅粥,棱彩,每次进入新节点时，处在备战席最左侧6个位置的角色变为随机的同费用角色。立刻获得5次免费刷新和10金币。,1
白衣伙伴,金色,你的【  白厄 】/【  星期日 】可以互相用于升星。首次获得3星【  白厄 】/【  星期日 】之一时，立即获得另一个的3星版本。获得【  白厄 】，3个节点后获得【  星期日 】。,"1,2"
双龙会,金色,你的【  丹恒•饮月 】/【  丹恒•腾荒 】可以互相用于升星。首次获得3星【  丹恒•饮月 】/【  丹恒•腾荒 】之一时，立即获得另一个的3星版本。获得【  丹恒•腾荒 】、【  丹恒•饮月 】。,1
盗用身份,棱彩,进入第二位面的首领节点时，获得一个穿着2个【  动能激发剑 】和【  列车同行星徽 】的【  火花 】和1个【  开拓者 】。,2
骇客专家：银狼,金色,获得专家顾问【  银狼 】，并使其在本局游戏中加入商店。获得1个随机4费骇客改件。,"1,2,3"
潜行专家：貊泽,金色,获得专家顾问【  貊泽 】，并使其在本局游戏中加入商店。他上场时不占用团队规模，赋能【雷霆一击】额外造成600%基础伤害。,"1,2,3"
迷之旅人,金色,激活4【巡海游侠】时，其中3位巡海游侠会发生一次讨论，之后，你获得一个携带着【  星间旅人星徽 】的2星【  黄泉 】。进入下一个奖励节点时，获得【  波提欧 】。,2
武器批发商,棱彩,下个首领节点后，获得所有类型的简易装备各1个。,"1,2"
远见,棱彩,获得一个随机黄金投资策略和15金币。后续的投资策略节点改为获得随机1个棱彩投资策略（无法刷新），并且不增加敌人难度。,1
搜打撤,棱彩,每当你进入新节点时，获得1次免费刷新。通关下一个首领节点后，获得等同于场上和备战席所有角色价值的金币。,2
不等价交换,棱彩,交换你的小队生命值和金币。,"1,2,3"
着眼当下,棱彩,你购买的下一个1/2/3/4/5费角色变成2星，随后，将其从商店中移除。立即获得5金币。,"2,3"
环保大使叽米,棱彩,获得超稀有的叽米！！获得超多【  金垃圾袋 】！！,2
经验就是财富,银色,获得经验时，改为获取等量金币（购买经验除外）。获得4金币。,1
本姑娘就是罗刹,棱彩,获得2星【  三月七 】。每次进入新节点时，获得【  三月七 】。进入战斗前，这位姑娘化身【  罗刹 】。战斗中，她会「治疗」敌方目标，造成等同于（200+2*后台强度）%的基础伤害，每有100后台强度，还可在「急救」时造成2%最大生命值的真实伤害。现在，本姑娘就是  罗刹 ！,1
乱成一锅粥+,棱彩,每次进入新节点时，处在备战席最左侧6个位置的角色变为随机的同费用角色。立刻获得7次免费刷新和14金币。,2
双人舞,金色,上阵的星核猎手数量为2时，激活【猎星人】效果所需攻击数减少1，被激活的攻击造成200%原伤害。获得【  千冶•刃 】和【  卡芙卡 】。,"1,2,3"
读博深造,金色,战斗开始时，若银河学者羁绊处于激活状态，一名随机的1费或2费银河学者变成3星。获得【  艾丝妲 】和【  阮•梅 】。,"1,2,3"
钢铁美学,金色,【造物引擎】造成400%原伤害，但是无法消灭目标。获得【  希儿 】。,"1,2,3"
人在旅途,金色,星间旅人若只有3名及以下登场，登场角色额外提供200%的星间旅人属性加成。获得【  绯英 】和【  银枝 】。,"1,2,3"
装备党,金色,激活狼狩羁绊时，狼狩角色们每穿戴一件装备，就获得4%伤害增幅和2%速度增幅。获得【  椒丘 】和【  飞霄 】。,"1,2,3"
梦境大舞台,金色,盛会之星羁绊激活时，战斗中首次激活3/7/10个不同的非独立羁绊后，获得【  盛会之星星徽 】。获得【  花火 】。,"1,2,3"
赞美太阳,金色,每拥有一件【白昼装备】以及其原型装备，在进入新节点时就获得1点经验。角色每穿戴一件【白昼装备】，幸运一击率提高10%。获得【  那刻夏 】。,"1,2,3"
月光宝盒,金色,完美通关时，夜之半神获得的【月光精华】提高100%，领取夜之半神奖励时，也会获得一名夜之半神角色，【月色】层数越高，越可能领取到高费角色。获得【  赛飞儿 】和【  万敌 】。,1
借力打力,金色,敌方目标被消灭后，【借力球】的伤害分摊比例永久提高0.15%。获得【  黑塔 】和【  缇宝 】。,"1,2,3"
超充站,金色,能量地块上的单位获得【超级电池】，施放终结技后消耗【超级电池】充满能量。激活3/5/7/10羁绊时，分别获得1/1/2/3层【超级电池】。获得【  阿格莱雅 】和【  藿藿 】。,"1,2,3"
燃起来了,金色,【燃血角斗场】以80%上限开始战斗，且保留的充能提高20%。获得【  万敌 】和【  千冶•刃 】。,"1,2,3"
量子力学,金色,【量子同频】角色累计星数达3/6/9时，额外获得1/2/3层【同频】。获得【  希儿 】。,"1,2,3"
按劳分配,金色,战斗中每消耗10个战技点，结算时获得1金币，每场战斗通过该策略最多获得1金币。激活2/4/6/8战技点羁绊时，最多获得2/3/4/6金币。,"1,2,3"
如有神助,金色,【仙舟】羁绊召唤的【神君】造成120%原伤害。轮次开始时、倒计时归零时，【神君】伤害段数增加10并立即行动。,"1,2,3"
星星相印,银色,每次合成3星角色时，获得5金币。立刻获得1个【  员工投影仪 】。,"1,2"
艾丝妲的猛犬！,金色,获得一个穿戴【穿刺死棘之枪】的【佩佩】。【穿刺死棘之枪】以400速度行动，造成我方总幸运一击率*2000%的基础伤害。,"1,2,3"
步狸村之谜,金色,获得一个穿戴【  狼狩星徽 】的【狸狸】和一个【  简易武装箱 】。,"1,2,3"
狸职手续,金色,获得3个穿着1件简易装备的【狸狸】，每2个节点，随机1个【狸狸】会狸开并留下装备。狸职狸会使不是狸职狸的狸也狸职。,"1,2"
双手狸开键盘！,金色,获得【Gemi狸】，它会帮你进行商店和战斗操作！进入新节点时，它会免费刷新商店2次，自动购买你场上拥有的角色。每买到1个角色，【Gemi狸】还会使我方全体获得1%幸运一击率。,"1,2,3"
命运圣杯星徽,金色,获得1个【  命运圣杯星徽 】，和1个【  远坂凛 】。,"1,2,3"
不虚此行,金色,【列车同行】羁绊的【星穹列车】造成300%原伤害，【光轨】增益层数上限提高2层。,"1,2,3"
离火燎原,金色,【减益】成员攻击时，【离火】的真实伤害效果变为原值的150%，【减益】成员施放终结技时，则变为300%。,"1,2,3"
战术专家：佩拉,金色,获得专家顾问【  佩拉 】，并使其在本局游戏中加入商店。小队每有一名不同费用的角色，【  佩拉 】的终结技就额外降低敌方目标12%防御力。,1
领航专家：姬子,金色,获得专家顾问【  姬子 】，并使其在本局游戏中加入商店。战斗开始时，  姬子 邀请大家品尝咖啡，根据她的星级使我方全体行动提前40%/70%/100%，获得25%/50%/90%速度增幅，所有前台角色损失40%当前生命值。,1
狸财经狸,棱彩,获得1个【狸狸】，它带着初始资金30【金币】来帮你理财，每回合获得利息+2金币。当你的金币少于20时，从狸狸那里取出10金币存款。进入第三位面首领节点时，取出所有存款。一个月内花光十个亿，你就可以继承狸的财产！。,1
龙虎兄弟狸,棱彩,获得【狸小龙】和【狸小虎】和2个【  简易武装箱 】，它们都穿着【  随便骰子 】，进入新节点时，它们的装备和我方角色穿戴的装备每有一件相同，就使你获得4金币。同名装备只计算1次，你的【  随便骰子 】本身一定能和狸狸的【  随便骰子 】配对！。,1
狸狸的早晨,棱彩,获得7个【狸狸】，进入新节点时，随机给这些狸狸员工穿戴2个随机星徽。,1
大变活狸,棱彩,你最右边的3个【狸狸】重新随机星徽，获得2个【  星徽秘典 】。,"2,3"
黑塔纪元,棱彩,获得【  大黑塔 】并将216张【  黑塔 】加入商店，你获得3星【  黑塔 】时获得【  大黑塔 】，且商店能继续刷新【  黑塔 】。出战时，你拥有的【  黑塔 】们每有1总金币价值，都使【  黑塔 】们追击时额外转一圈。你拥有的【  黑塔 】们每有1总金币价值，使【  黑塔 】/【  大黑塔 】获得10%前后台强度。,1
飞光•映月,棱彩,获得【  镜流 】和特殊的1费【  景元 】，他们获得【师徒】羁绊。【  镜流 】2星时，【  景元 】变为3费。【  镜流 】3星时，【  景元 】变为你认识的5费【  景元 】。,1
飞光•传剑,棱彩,获得【  彦卿 】和【  景元 】，他们获得【师徒】羁绊。【  彦卿 】的【天河泻】获得强化，造成战斗中【仙舟】神君和【  景元 】累计伤害值15%的伤害。两人同时在场上时，每进入一个新节点该值提高4%。,2
都是这家伙的错！,棱彩,获得【  命运圣杯星徽 】和10金币。若未完美通关战斗且有携带【  命运圣杯星徽 】的角色参与战斗，视为完美通关并出售1名携带【  命运圣杯星徽 】的上场角色，可生效3次。“怪我咯？”,"1,2,3"
锻冶专家：刃,棱彩,获得专家顾问【  刃 】，并使其在本局游戏中加入商店。在【  刃 】的装备栏中合成进阶装备时，将其变为特权装备，该效果可生效1次。【  刃 】在场上或备战席时，每获得10件任意装备，额外可生效一次。,"1,2,3"
