名称,首领,精英敌人,普通敌人
凛冬经贸联合体,可可利亚（敌方）,银鬃尉官; 守护者之影; 蚕食者之影,银鬃炮手; 银鬃近卫; 银鬃射手; 火焚灾影
铁盾安保集团,杰帕德,银鬃尉官; 守护者之影; 蚕食者之影,银鬃炮手; 银鬃近卫; 银鬃射手; 火焚灾影
深穹智械科技,史瓦罗,自动机兵•灰熊; 自动机兵•齿狼; 炽燃徘徊者; 深寒徘徊者,自动机兵•战犬; 自动机兵•蜘蛛; 自动机兵•甲虫
火线动力机甲,「星核猎手」萨姆,炽燃徘徊者; 深寒徘徊者; 惊梦剧团的十七分熟; 惊梦剧团的甜猿泰山,自动机兵•战犬; 自动机兵•甲虫; 惊梦剧团的圆幕先生; 惊梦剧团的气泡锂犬
冷锋兵器工业,云骑骁卫•彦卿,金人司阍; 金人勾魂使; 丰饶灵兽•长右,云骑巡防士卒; 幽府武弁; 入魔机巧•率从狻猊; 入魔机巧•浓云金蟾; 入魔机巧•灯昼龙鱼
巨鹿生物制药,丰饶玄鹿,「药王秘传」炼形者; 丰饶灵兽•长右; 承露天人,魔阴身士卒; 「药王秘传」内丹士; 丰饶灵兽•娄金; 丰饶灵兽•奎木; 「药王秘传」器元士; 魔阴武弁
造梦兄弟影业,昔在、今在、永在的剧目,惊梦剧团的十七分熟; 惊梦剧团的甜猿泰山; 「身陷樊笼的往昔」; 「同音共律的来日」; 「醉于盛会的此刻」,惊梦剧团的弹簧荷官; 惊梦剧团的舞鸫假面; 惊梦剧团的圆幕先生; 惊梦剧团的气泡锂犬
造梦互动娱乐,奇想林中的蕉研组,惊梦剧团的十七分熟; 惊梦剧团的甜猿泰山; 「身陷樊笼的往昔」; 「同音共律的来日」; 「醉于盛会的此刻」,惊梦剧团的弹簧荷官; 惊梦剧团的舞鸫假面; 惊梦剧团的圆幕先生; 惊梦剧团的气泡锂犬
银甲武装公司,银枝（敌方）,外宇宙之冰; 外宇宙之炎; 守护者之影; 兴风者,虚数织叶者; 虚卒•掠夺者; 虚卒•篡改者; 虚卒•抹消者
猎星资本,「星核猎手」卡芙卡,外宇宙之冰; 外宇宙之炎; 守护者之影; 兴风者,虚数织叶者; 虚卒•掠夺者; 虚卒•篡改者; 虚卒•抹消者
纷争前线军团,蛮神，疯王，纷争的化身,天谴先锋; 正阳狮鹫; 月夜天马,天谴斗士; 天谴哲人; 天谴歌队; 天谴猎手; 流星铁鹰
灰手生命科技,冥魂渡者，死龙残躯，玻吕刻斯,天谴先锋; 正阳狮鹫; 月夜天马,天谴斗士; 天谴哲人; 天谴歌队; 天谴猎手; 流星铁鹰
增熵能源集团,至黑之剑，盗火行者,正阳狮鹫; 月夜天马; 黑潮蚀魔; 黑潮斗将; 黑日狮鹫,黑潮蚀刃; 黑潮蚀斧; 黑潮参议; 黑潮朽弓（敌方）
智识实验室,第一位天才，隐德来希，赞达尔,黑潮蚀魔; 黑日狮鹫; 黑潮斗将; 波涛夫人; 飓风大母,流星铁鹰; 黑潮蚀刃; 黑潮朽弓（敌方）; 浪花侍女; 泡影稚子
金血记忆体联盟,金血忆灵•裁定忘却之形,黑潮蚀魔; 黑日狮鹫; 黑潮斗将; 金血忆灵•翼蛇形,流星铁鹰; 黑潮蚀刃; 黑潮朽弓（敌方）; 金血忆灵•雉形; 金血忆灵•犬形
虫人兵器,示死祸源：深魇蝗灾,炽燃徘徊者; 「身陷樊笼的往昔」; 「同音共律的来日」; 「醉于盛会的此刻」,惊梦剧团的圆幕先生; 忆域迷因「我心支离破碎」; 全自动魔仙棒; 攻击性阅读物; 幼蛰虫; 次蛰虫; 蚀蛰虫
火花网络传媒,火花大会@Official,摇滚狂徒; 画板孔雀,全自动魔仙棒; 攻击性阅读物; 助手涂鸦•拖稿; 助手涂鸦•赶稿; 助手涂鸦•催稿
钢铁意志集团,合金机铠•帕姆王,破晓战队•苍翼; 破晓战队•赤焰; 资深员工•组长,惊梦剧团的气泡锂犬; 全自动魔仙棒; SD民用机铠; 基层员工•外勤; 基层员工•安保
不死者联盟,极乐颠倒•邪愿莲华主,丰饶灵兽•长右; 承露天人; 乐变化天人,丰饶灵兽•娄金; 丰饶灵兽•奎木; 全自动魔仙棒; 攻击性阅读物; 魔法少女急袭剧团
绘师家族产业,始作画者，无量塔绘世,摇滚狂徒; 画板孔雀; 吞神子嗣,全自动魔仙棒; 攻击性阅读物; 魔法少女急袭剧团
