羁绊名称,类型,触发人数,基础效果,分级效果,羁绊成员
群攻,流派羁绊,3/5/7/9,【群攻】队员的幸运一击率提高，幸运一击伤害提高。进入战斗后在敌方场上生成2个可转移伤害的【借力球】。,"3人：12%幸运一击率，12%幸运一击伤害。将受到伤害的40%转移给其他敌方目标。
5人：24%幸运一击率，24%幸运一击伤害。将受到伤害的60%转移给其他敌方目标。累计受到6次攻击后，发射激光造成8次250%基础伤害的量子属性伤害，单次攻击内最多累计1次。
7人：36%幸运一击率，36%幸运一击伤害。将受到伤害的100%转移给其他敌方目标，并使首领敌人受到的伤害提高30%。累计受到6次攻击后，发射激光造成8次500%基础伤害的量子属性伤害，单次攻击内最多累计1次。
9人：60%幸运一击率，60%幸运一击伤害。将受到伤害的100%转移给其他敌方目标，并使首领敌人受到的伤害提高100%。累计受到6次攻击后，发射激光造成12次1500%基础伤害的量子属性伤害，单次攻击内最多累计1次。","黑塔(前后台), 翡翠(后台), 银枝(前后台), 缇宝(前后台), 那刻夏(后台), 大黑塔(前台), 景元(前台)"
持续伤害,流派羁绊,2/4/6,【持续伤害】队员的持续伤害增幅提高。敌方目标行动时，触发【超激发】，造成持续伤害并触发随机敌方目标的持续伤害效果。,"2人：30%持续伤害增幅。【超激发】触发2次。
4人：80%持续伤害增幅。【超激发】触发3次。基础伤害倍率提高至480%。非首领敌方目标被消灭时，额外触发【超激发】。
6人：200%持续伤害增幅。【超激发】触发6次。基础伤害倍率提高至960%。","椒丘(前台), 艾丝妲(前台), 桑博(前后台), 卡芙卡(前后台), 海瑟音(前台), 黑天鹅(后台)"
燃血,流派羁绊,2/4/6/8,"【燃血】队员的生命增幅和伤害增幅提高。战斗开始时，激活会记录【燃血】队员消耗生命值并在行动时攻击敌方全体目标的【燃血角斗场】。
【燃血】队员无法获得护盾，受到护盾时会回复2%生命上限+1000生命值。","2人：10%生命增幅，10%伤害增幅。可记录40000点。
4人：20%生命增幅，25%伤害增幅。可记录100000点，伤害倍率提高为1000%。
6人：30%生命增幅，40%伤害增幅。可记录240000点，伤害倍率提高为2000%，行动后返还消耗量的30%。
8人：45%生命增幅，60%伤害增幅。可记录720000点，伤害倍率提高为4000%，行动后返还消耗量的50%。","刃(后台), 万敌(前后台), 风堇(前台), 千冶•刃(后台), 镜流(后台), 遐蝶(前台), 长夜月(前后台), 布洛妮娅(前台)"
护盾,流派羁绊,2/4,【护盾】队员的护盾强度提高。我方小队获得伤害增幅。我方前台获得特殊护盾，获得其他护盾时该护盾会增加等量的护盾量，上限随阶段而提高。,"2人：20%护盾强度，12%伤害增幅。我方小队持有的护盾可叠加，上限100%基础生命。
4人：40%护盾强度，40%伤害增幅。我方小队持有的护盾可叠加，上限100%基础生命。","三月七(后台), 砂金(前台), 丹恒•腾荒(后台), 杰帕德(前台)"
追击,流派羁绊,3/5/7/9,"【追击】队员的追加攻击伤害增幅提高，攻击后附加1次等同于攻击者300%攻击力的随机属性附加伤害，该伤害视为追加攻击伤害。
我方小队连续行动会提高【追击】队员的追加攻击伤害增幅，持续至任意敌方目标回合开始。","3人：20%追加攻击伤害增幅。连续行动提供5%追加攻击伤害增幅，最多20%。
5人：50%追加攻击伤害增幅。连续行动提供10%追加攻击伤害增幅，最多40%。连续行动达到5次后：可发动【总攻击】，造成60%的真实伤害。
7人：80%追加攻击伤害增幅。连续行动提供15%追加攻击伤害增幅，最多60%。【总攻击】造成120%的真实伤害。
9人：120%追加攻击伤害增幅。连续行动提供30%追加攻击伤害增幅，最多120%。【总攻击】造成240%的真实伤害。","貊泽(后台), 赛飞儿(前台), 飞霄(前台), 不死途(前后台), 砂金(前台), 真理医生(前台), 知更鸟(后台), 托帕&账账(后台)"
减益,流派羁绊,2/4/6/8,【减益】队员的前/后台强度提高，行动时使敌方陷入负面效果时，为随机目标附加【离火】，使其造成的伤害降低，并且被攻击后受到额外真实伤害，单次行动内最多触发2次。,"2人：20%前/后台强度。每层造成的伤害降低3%，10%真实伤害，【离火】上限3层。
4人：60%前/后台强度。每层造成的伤害降低4%，20%真实伤害。
6人：120%前/后台强度。每层造成的伤害降低5%，30%真实伤害，【离火】上限提高到5层。
8人：250%前/后台强度。每层造成的伤害降低6%，50%真实伤害。","椒丘(前台), 赛飞儿(前台), 千冶•刃(后台), 佩拉(后台), 黄泉(前台), 彦卿(后台), 瓦尔特(前台)"
击破,流派羁绊,2/4/6/9,"【击破】队员的前/后台强度提高，并在攻击处于弱点击破状态的敌方目标后造成超击破伤害。
敌方目标的初始韧性和韧性恢复量降低。","2人：20%前/后台强度。120%超击破伤害，10%初始韧性和韧性恢复量降低。
4人：60%前/后台强度。180%超击破伤害，20%初始韧性和韧性恢复量降低。击破敌人会充能【冲击波】。
6人：150%前/后台强度。300%超击破伤害，30%初始韧性和韧性恢复量降低。【冲击波】触发时，我方小队恢复等同于能量上限30%的能量。
9人：320%前/后台强度。500%超击破伤害，99%初始韧性和韧性恢复量降低。","加拉赫(前后台), 乱破(前台), 大丽花(前后台), 灵砂(前台), 阮•梅(后台), 姬子(后台), 忘归人(后台), 波提欧(前台), 流萤(前台)"
战技点,流派羁绊,2/4/6/8,我方战技点上限提高，我方小队获得速度增幅，施放战技或普攻时获得伤害增幅，【战技点】队员获得双倍加成，持续至自身回合结束。【战技点】队员消耗战技点时，每个战技点进行1次抽奖，奖池效果可叠加。,"2人：12%速度增幅。获得12%伤害增幅，战技点上限提高2，可抽到小奖。
4人：24%速度增幅。获得24%伤害增幅，战技点上限提高3，可抽到中奖和大奖。
6人：40%速度增幅。获得48%伤害增幅，战技点上限提高4，抽奖时有概率额外获得1次特别奖，抽到更好奖励的概率提高。
8人：80%速度增幅。获得80%伤害增幅，战技点上限提高5，抽奖时有更高概率额外获得1次特别奖，抽到更好奖励的概率大幅提高。","远坂凛(前后台), 青雀(前台), 丹恒•饮月(前台), 花火(后台), 刻律德菈(前后台), 火花(前台), Archer(前台)"
能量,流派羁绊,3/5/7/10,【能量】队员的终结技伤害增幅提高。在场上生成【能量地块】，可提供伤害增幅和能量恢复。,"3人：20%终结技伤害增幅。
5人：40%终结技伤害增幅。【能量】角色施放终结技时，记录消耗的能量值。累计500点后，消耗500点，并对敌方全体目标造成800%基础伤害的物理属性伤害。
7人：80%终结技伤害增幅。累计值造成的伤害倍率提高至1800%。
10人：240%终结技伤害增幅。场上所有地格变为【能量地块】，累计值造成的伤害倍率提高至12000%。","阿格莱雅(前台), 藿藿(前后台), 停云(后台), 吉尔伽美什(前后台), Saber(前后台), 星期日(前后台), 开拓者•记忆(前台), 开拓者•欢愉(后台), 云璃(后台)"
治疗,流派羁绊,2/4/6,我方小队的生命增幅提高12%。【治疗】队员的治疗强度提高。,"2人：20%治疗强度。
4人：40%治疗强度。
6人：60%治疗强度，我方小队获得60%伤害增幅。","加拉赫(前后台), 藿藿(前后台), 灵砂(前台), 风堇(前台), 娜塔莎(前后台), 罗刹(后台), 符玄(后台)"
欢愉,阵营羁绊,3/4/5/7,"【欢愉】队员的幸运一击率提高。
备战阶段召唤【阿哈】为小队提供增益，【阿哈】拥有初始属性并穿戴3件随机简易装备，可将物品栏中简易装备拖拽给阿哈，与阿哈装备栏中的简易装备依次合成对应进阶装备。合成进阶装备后，本局该栏位将会被固定，无法合成其它进阶装备。","3人：8%幸运一击率。
4人：16%幸运一击率。阿哈升至2星，解锁第2个装备栏。
5人：24%幸运一击率。阿哈升至3星，解锁第3个装备栏。
7人：40%幸运一击率。阿哈升至4星！阿哈的所有装备变成特权装备！","爻光(前后台), 绯英(前后台), 银狼LV.999(前台), 开拓者•欢愉(后台), 火花(前台)"
仙舟,阵营羁绊,3/5/7/10,"【仙舟】召唤【神君】，其行动时将攻击敌方全体目标。【仙舟】队员行动后为【神君】叠加攻击段数并使其行动提前。
【仙舟】队员的前/后台强度和速度增幅提高。","3人：20%前/后台强度，8%速度增幅。
5人：40%前/后台强度，16%速度增幅。【神君】基础伤害段数增加至6。
7人：80%前/后台强度，32%速度增幅。【仙舟】队员行动后叠加的伤害段数提高至2，战斗开始时【神君】立即行动。
10人：200%前/后台强度，60%速度增幅。【神君】基础伤害段数增加至10，每段倍率提高至600%，并更频繁地发动攻击！","青雀(前台), 停云(后台), 爻光(前后台), 藿藿(前后台), 丹恒•饮月(前台), 忘归人(后台), 符玄(后台), 彦卿(后台), 景元(前台)"
公司,阵营羁绊,2/3,【公司】队员的后台强度和护盾强度提高。,"2人：30%后台强度，10%护盾强度。普通战斗和遭遇节点开始时，获得1金币。
3人：100%后台强度，25%护盾强度。普通战斗和遭遇节点开始时，获得3金币。","翡翠(后台), 砂金(前台), 托帕&账账(后台)"
列车同行,流派羁绊,2/4/6,召唤【星穹列车】撞击敌方全体目标，并在场上留下【光轨】，使我方小队的前/后台强度提高。,"2人：战斗开始时撞击并提供1层【光轨】，使我方小队前/后台强度提高20%。
4人：列车额外以300速度撞击，每层【光轨】提供的前/后台强度提高至40%，最多叠加2层。【列车同行】队员获得双倍收益。
6人：每层【光轨】提供的前/后台强度提高至60%，可叠加上限提高至3层，每层额外使敌方全体目标防御力降低10%。","三月七(后台), 丹恒•饮月(前台), 姬子•启行(前台), 姬子(后台), 星期日(前后台), 开拓者•欢愉(后台), 开拓者•记忆(前台), 瓦尔特(前台)"
命运圣杯,阵营羁绊,2/3/4/5,"【命运圣杯】提供祈愿试炼，完成试炼以获得各种奖励。
祈愿试炼的难度和奖励随羁绊等级提升。
【命运圣杯】成员的前/后台强度提高。","2人：25%前/后台强度。开启首个祈愿试炼。
3人：50%前/后台强度。第二个祈愿试炼，出现奖励更好、难度更高的诅咒试炼。
4人：100%前/后台强度。第三个祈愿试炼。
5人：180%前/后台强度。最终祈愿试炼。","远坂凛(前后台), 吉尔伽美什(前后台), Saber(前后台), Archer(前台)"
命运卜者,流派羁绊,1,黑天鹅每累计参与2场战斗后可以打开占卜屋，并选择1张启示卡以获得对应强化。,1人：黑天鹅参与战斗后可以打开占卜屋，并选择1张启示卡以获得对应强化。,黑天鹅(后台)
大守护者,流派羁绊,1,"布洛妮娅会基于小队中【贝洛伯格】和【燃血】角色的数量，加入人数更多的羁绊并获得相应技能。
我方前台行动后布洛妮娅获得1点充能，充能满后布洛妮娅召唤可可利亚攻击敌方全体。",1人：充能满8点后，可可利亚发动攻击对敌方全体造成布洛妮娅1200%攻击力+240%生命上限的虚数属性伤害，该次攻击必定暴击。羁绊效果随布洛妮娅的星级而提高：1星：初始已计入4次行动。2星：造成的伤害为原伤害的150%，初始已计入4次行动。3星：造成的伤害为原伤害的1000%，充能满1点后可可利亚就会发动攻击。,布洛妮娅(前台)
头号玩家,阵营羁绊,1,【银狼LV.999】并不满意货币战争为她设计的费用和技能。她在升至2星时开始骇入货币战争，可以在修改自身费用和获得妙妙小道具间进行选择。达到3星5费时，狼尊将会接管货币战争。,1人：在每个费用首次达到2星时，【银狼LV.999】可以选择变为更高费用的1星【银狼LV.999】，或者获得一件不占用装备栏的【骇客改件】。,银狼LV.999(前台)
巡海游侠,阵营羁绊,1/2/3/4,【巡海游侠】队员获得伤害增幅和速度增幅。若将【巡海游侠】放置于后台，则位于后台的【巡海游侠】的星级会使前台【巡海游侠】额外获得伤害增幅和速度增幅。,"1人：8%伤害增幅，8%速度增幅。
2人：16%伤害增幅，16%速度增幅。
3人：28%伤害增幅，28%速度增幅。
4人：30%伤害增幅，30%速度增幅。【巡海游侠】队员进入战斗时行动提前100%。","乱破(前台), 不死途(前后台), 黄泉(前台), 波提欧(前台)"
师徒,阵营羁绊,2/3,【飞光】映下开启的特殊羁绊。以此见证仙舟生生不灭的信念传承。,"2人：战斗中，为羁绊内其他成员提供前/后台强度，等同于自身前/后台强度较高项的100%。
3人：施放战技/终结技后，使其他羁绊成员行动提前30%，并叠加2/3层【传承】，每层【传承】提供10%伤害增幅，最多99层。",
星核猎手,流派羁绊,2/3/4,"装备最多的【星核猎手】成为【猎星人】，【星核猎手】会协助【猎星人】作战。
【星核猎手】的伤害增幅和生命增幅提高。","2人：24%伤害增幅，12%生命增幅。
3人：48%伤害增幅，24%生命增幅。
4人：80%伤害增幅，36%生命增幅。额外激活一位【猎星人】。","刃(后台), 千冶•刃(后台), 卡芙卡(前后台), 银狼LV.999(前台), 银狼(前后台), 流萤(前台)"
星间旅人,阵营羁绊,1/2/3/4/5/6/7,"【星间旅人】角色会为你的小队提高特定属性，该效果会随着场上【星间旅人】角色数量而提升。
【星间旅人】队员获得双倍收益。","1人：100%加成。
2人：120%加成。
3人：145%加成。
4人：175%加成。
5人：210%加成。
6人：250%加成。
7人：300%加成。","桑博(前后台), 银枝(前后台), 绯英(前后台), 真理医生(前台), 火花(前台), 罗刹(后台), 瓦尔特(前台)"
昼之半神,流派羁绊,3/4/6/9,"获得仅供【昼之半神】角色穿戴的白昼装备。
【昼之半神】队员的前/后台强度和速度增幅提高。","3人：10%前/后台强度，5%速度增幅。获得【白昼•光速螺旋桨】。
4人：18%前/后台强度，9%速度增幅。获得【白昼•武器大师】。
6人：36%前/后台强度，18%速度增幅。获得【白昼•斩首行动】。
9人：60%前/后台强度，30%速度增幅。白昼装备的特殊效果获得增强。进入战斗时，为你的【昼之半神】角色们穿戴满强化后的白昼装备！","阿格莱雅(前台), 风堇(前台), 缇宝(前后台), 那刻夏(后台), 海瑟音(前台), 昔涟(前台)"
夜之半神,流派羁绊,2/4/7/9,"每个战斗阶段后生成【月光精华】，完胜后获得2倍【月光精华】。获得足够的【月光精华】后可以获取晶矿奖励。
【夜之半神】队员的前/后台强度提高。","2人：30%前/后台强度。2个【月光精华】。
4人：60%前/后台强度。5个【月光精华】。
7人：120%前/后台强度。9个【月光精华】。
9人：240%前/后台强度。30个【月光精华】。","赛飞儿(前台), 万敌(前后台), 丹恒•腾荒(后台), 刻律德菈(前后台), 遐蝶(前台), 长夜月(前后台), 昔涟(前台)"
挚爱之人,流派羁绊,1,昔涟参与1场战斗后，昔涟的诗篇将在商店中刷新，并在被购买后提供各种强力增益。,1人：昔涟的诗篇将在商店中刷新，每个节点内最多购买1张。,昔涟(前台)
救世主,流派羁绊,1,白厄和卡厄斯兰那获得所有前台角色已激活的非独立羁绊效果，该效果不会影响羁绊效果激活的人数。,1人：白厄和卡厄斯兰那获得所有前台角色已激活的非独立羁绊效果。,白厄(前台)
盛会之星,流派羁绊,2/3/4/5/6,选择1名【盛会之星】角色作为【巨星】，使我方小队获得独特加成。,"2人：获得选定【巨星】的加成。
3人：加成提高。
4人：加成提高。
5人：加成提高。
6人：加成提高。","加拉赫(前后台), 大丽花(前后台), 花火(后台), 星期日(前后台), 知更鸟(后台), 黑天鹅(后台)"
狼狩,流派羁绊,3/5/6/8,"召唤【步离人】协同战斗，其在参与战斗后可以获得经验并升级。我方队员携带更多装备参与战斗会使其额外获得经验。
【狼狩】队员的前/后台强度提高，【步离人】每次升级后使该加成提高50%。","3人：15%前/后台强度。
5人：30%前/后台强度。2倍经验。
6人：50%前/后台强度。3倍经验。
8人：90%前/后台强度。6倍经验。","飞霄(前台), 椒丘(前台), 貊泽(后台), 灵砂(前台), 镜流(后台), 彦卿(后台), 云璃(后台)"
银河学者,流派羁绊,2/4/6,战斗开始时，基于【银河学者】角色的星级叠加【猫猫糕】，并在战斗后根据层数获得额外奖励。,"2人：30%前/后台强度。
4人：80%前/后台强度。获得1.5倍【DNA】。
6人：200%前/后台强度。获得2倍【DNA】。","艾丝妲(前台), 黑塔(前后台), 阮•梅(后台), 真理医生(前台), 大黑塔(前台)"
领航员,流派羁绊,1,选择1名【列车同行】角色，姬子•启行获得该角色的流派羁绊，且复制其首件装备并作为改件佩戴。根据所选角色，姬子•启行强化自身和【列车同行】的【光轨】效果。,1人：获得选定【领航员】的加成。,姬子•启行(前台)
魔术师,流派羁绊,1,Archer攻击后获得1点充能，充能满6点后，消耗6点充能立即进行投影，使我方小队中3名随机角色获得1件与其匹配的临时装备，临时装备在战斗结束后消失。,1人：Archer攻击一定次数后，使我方角色获得临时装备。,Archer(前台)
贝洛伯格,阵营羁绊,2/4,"【贝洛伯格】队员行动后为【造物引擎】充能，【造物引擎】的能量充满后立即攻击敌方目标，并让本场战斗中造成伤害最多的【贝洛伯格】角色立即行动。
【贝洛伯格】队员和【造物引擎】的伤害增幅提高。","2人：36%伤害增幅。【造物引擎】额外造成【贝洛伯格】队员已造成总伤害的25%伤害，攻击后清零。
4人：72%伤害增幅。额外伤害的转化比例提高至40%。","桑博(前后台), 佩拉(后台), 希儿(前台), 娜塔莎(前后台), 杰帕德(前台), 布洛妮娅(前台)"
量子同频,流派羁绊,2/3/4/5,"敌人受到的伤害提高。
【量子同频】角色获得可强化技能效果的【同频】同频。","2人：获得1层【同频】同频，敌方目标受到的伤害提高15%。
3人：获得2层【同频】同频，敌方目标受到的伤害提高30%。
4人：获得3层【同频】同频，敌方目标受到的伤害提高60%。
5人：获得4层【同频】同频，敌方目标受到的伤害提高100%。","花火(后台), 缇宝(前后台), 希儿(前台), 符玄(后台), 银狼(前后台)"
