名称,类型,标签,基础属性,描述,获取途径,适配角色
命运圣杯星徽,阵营星徽,星徽 钻石,伤害增幅10%,装备者加入【命运圣杯】羁绊。,,"刻律德菈, 开拓者•记忆, 星期日, 花火, 藿藿"
分裂•圣杯,命运改件,命运改件,伤害减免99% 伤害增幅99% 前台强度99% 幸运一击伤害99% 幸运一击率99% 速度增幅99%,,,"Archer, Saber, 吉尔伽美什, 远坂凛"
圣杯,命运改件,命运改件,伤害减免99% 伤害增幅99% 前台强度99% 幸运一击伤害99% 幸运一击率99% 速度增幅99%,赢下圣杯战争，就可以得到圣杯。,,"Archer, Saber, 吉尔伽美什, 远坂凛"
天地乖离开辟之星,命运改件,命运改件,前台强度30% 后台强度30%,每拥有一点【星】，装备者获得1%伤害增幅。 【吉尔伽美什】穿戴时，改为获得2%伤害增幅。 当前【星】数量： 不同的任务会以不同方式提供【星】,,吉尔伽美什
宝石剑泽尔里奇,命运改件,命运改件,前台强度30% 后台强度30%,装备者每穿戴一个星徽/钻石装备，就使我方小队获得20%前后台强度提高。 【远坂凛】穿戴时，改为使我方小队获得30%前后台强度提高。,,远坂凛
干将莫邪,命运改件,命运改件,伤害增幅20%,战斗开始时，为所有角色投影一件随机进阶装备。 【Archer】穿戴时，该装备会从角色推荐列表中选取。,,Archer
极•天地乖离开辟之星,命运改件,命运改件,前台强度60% 后台强度60%,每拥有一点【星】，装备者获得2%伤害增幅。 【吉尔伽美什】穿戴时，改为获得4%伤害增幅。 当前【星】数量： 获得该宝具时，获得200【星】计数。 不同的任务会以不同方式提供【星】,,吉尔伽美什
极•宝石剑泽尔里奇,命运改件,命运改件,前台强度60% 后台强度60%,装备者每穿戴一个星徽/钻石装备，就使我方小队获得40%前后台强度提高。 【远坂凛】穿戴时，改为使我方小队获得60%前后台强度提高。 获得该宝具时，获得【财富宝钻】。,,远坂凛
极•干将莫邪,命运改件,命运改件,伤害增幅40%,战斗开始时，为所有角色投影一件随机进阶装备，70%的概率改为投影特权装备。 【Archer】穿戴时，该装备会从角色推荐列表中选取。,,Archer
极•阿瓦隆,命运改件,命运改件,前台强度60% 后台强度60%,获得60%终结技伤害增幅，装备者的回合开始时恢复20%能量。 装备者受到伤害或消耗生命值时，当前生命值最多降至1点。 【Saber】穿戴时，改为获得120%终结技伤害增幅，回合开始时恢复24%能量。 获得该宝具时，获得50点小队生命值。,,Saber
穿刺死棘之枪,命运改件,命运改件,幸运一击率20%,召唤速度为400的【穿刺死棘之枪】。行动时，对当前生命值最高的敌方目标造成等同于我方小队总幸运一击率*2000%基础伤害的物理属性伤害。,,"Archer, Saber, 吉尔伽美什, 远坂凛"
罪孽王冠,命运改件,命运改件,伤害增幅30% 前台强度30% 后台强度30% 幸运一击伤害30% 幸运一击率30% 速度增幅30%,提供大量属性提升，但战败时会扣除双倍小队生命值，无论是否被角色穿戴。 王不可败。,,"Saber, 万敌, 刻律德菈, 吉尔伽美什"
诅咒•圣杯,命运改件,命运改件,伤害减免99% 伤害增幅99% 前台强度99% 幸运一击伤害99% 幸运一击率99% 速度增幅99%,世界定义为恶者，依然可以成为英雄。,,"Archer, Saber, 吉尔伽美什, 远坂凛"
诅咒•天地乖离开辟之星,命运改件,命运改件,前台强度30% 后台强度30%,每拥有一点【星】，装备者获得1%伤害增幅。 【吉尔伽美什】穿戴时，改为获得2%伤害增幅。 当前【星】数量：。 进入战斗前，穿戴者的星级临时降为1星。 不同的任务会以不同方式提供【星】,,吉尔伽美什
诅咒•宝石剑泽尔里奇,命运改件,命运改件,前台强度30% 后台强度30%,装备者每穿戴一个星徽/钻石装备，就使我方小队获得20%前后台强度提高。 【远坂凛】穿戴时，改为使我方小队获得30%前后台强度提高。 团队规模减少1，无论是否被角色穿戴。,,远坂凛
诅咒•干将莫邪,命运改件,命运改件,伤害增幅20%,战斗开始时，为所有角色投影一件随机进阶装备。 【Archer】穿戴时，该装备会从角色推荐列表中选取。 进入战斗前，随机把3件装备临时变为简易装备，无论是否被角色穿戴。,,Archer
诅咒•阿瓦隆,命运改件,命运改件,前台强度30% 后台强度30%,获得30%终结技伤害增幅，装备者的回合开始时恢复10%能量。装备者受到伤害或消耗生命值时，当前生命值最多降至1点。 【Saber】穿戴时，改为获得60%终结技伤害增幅，回合开始时恢复12%能量。 【远坂凛】穿戴时，改为使我方小队获得30%前后台强度提高。 战斗结算时，减少6点小队生命值，无论是否被角色穿戴。,,Saber
财富,命运改件,命运改件,前台强度10% 后台强度10%,进入新节点时，提供4金币。,,"托帕&amp;账账, 砂金, 翡翠"
财富,其他,无,无,狸财经理教你理财，好好学好好看。,,
阿瓦隆,命运改件,命运改件,前台强度30% 后台强度30%,获得30%终结技伤害增幅，装备者的回合开始时恢复10%能量。装备者受到伤害或消耗生命值时，当前生命值最多降至1点。 【Saber】穿戴时，改为获得60%终结技伤害增幅，回合开始时恢复12%能量。,,Saber
欢愉星徽,流派星徽,星徽 钻石,伤害增幅10%,装备者加入【欢愉】羁绊，可以获得【阿哈】20%的属性提高效果。获得欢愉技【极乐漩涡】，可对敌方全体造成100%的装备者属性欢愉伤害。,蓝钻 + 垃圾袋合成 或 红钻 + 垃圾袋合成,
分身墨镜,骇客改件,骇客改件,前台强度40%,获得时解锁并获得1星专家【银狼】。当【银狼LV.999】和【银狼】同时在场时，她们获得20%速度增幅和20%伤害增幅。,,"银狼, 银狼LV.999"
分身墨镜Max,骇客改件,骇客改件,前台强度50%,获得时解锁并获得2星专家【银狼】。当【银狼LV.999】和【银狼】同时在场时，她们获得30%速度增幅和30%伤害增幅。,,"银狼, 银狼LV.999"
扑满病毒,骇客改件,骇客改件,前台强度30%,在非首领节点战斗中，敌人有概率变成扑满，扑满被击杀后会掉落奖励。,,"银狼, 银狼LV.999"
扑满病毒Max,骇客改件,骇客改件,前台强度50%,非首领战斗中，敌人有高概率变成扑满，扑满被击杀后会掉落奖励。获得该改件时，立即获得1个棱彩晶矿。,,"银狼, 银狼LV.999"
扑满病毒Pro,骇客改件,骇客改件,前台强度40%,在非首领节点战斗中，敌人有概率变成扑满，扑满被击杀后会掉落奖励。,,"银狼, 银狼LV.999"
数据拷贝仪,骇客改件,骇客改件,前台强度30%,装备者每参与3场战斗，获得自身的一个1星复制。任意方式获得装备者时，也有30%概率获得自身的一个1星复制。当装备者为2星/3星时，伤害增幅提高20%/50%。,,"银狼, 银狼LV.999"
数据拷贝仪Max,骇客改件,骇客改件,前台强度50%,立即获得1个银狼LV.999。装备者每参与2场战斗后，获得自身的一个1星复制。任意方式获得装备者时，也有30%概率获得自身的一个1星复制。伤害增幅提高50%。,,"银狼, 银狼LV.999"
数据拷贝仪Pro,骇客改件,骇客改件,前台强度40%,装备者每参与3场战斗，获得自身的一个1星复制。任意方式获得装备者时，也有30%概率获得自身的一个1星复制。当装备者为2星/3星时，伤害增幅提高20%/50%。,,"银狼, 银狼LV.999"
星核猎手卡带,骇客改件,骇客改件,前台强度40%,「星核猎手」羁绊计数+1。,,"银狼, 银狼LV.999"
星核猎手卡带Max,骇客改件,骇客改件,前台强度50%,「星核猎手」羁绊计数+1。触发额外攻击需要的攻击次数-1。,,"银狼, 银狼LV.999"
欢愉卡带,骇客改件,骇客改件,前台强度40%,装备者加入「欢愉」羁绊，若装备者已是「欢愉」羁绊内成员，则「欢愉」羁绊计数+1。,,"银狼, 银狼LV.999"
欢愉卡带Max,骇客改件,骇客改件,前台强度50%,装备者加入「欢愉」羁绊，若装备者已是「欢愉」羁绊内成员，则「欢愉」羁绊计数+1。【银狼LV.999】装备时，欢愉技造成的伤害增幅提高50%，并且从阿哈获得的属性提高50%。,,"银狼, 银狼LV.999"
病毒防火墙,骇客改件,骇客改件,前台强度30%,所有敌人陷入【脆弱】：受到的伤害提高35%。,,"银狼, 银狼LV.999"
病毒防火墙Max,骇客改件,骇客改件,前台强度50%,所有敌人陷入【超级脆弱】和【超级虚弱】：受到的伤害提高60%，造成的伤害降低30%。,,"银狼, 银狼LV.999"
破解芯片,骇客改件,骇客改件,前台强度30%,首次穿戴该装备时，会使多个节点变为弱化状态：敌人的生命上限降低10%，伤害降低20%，速度降低10%。,,
管理员手套ProMax,骇客改件,骇客改件,伤害免减99% 伤害增幅99% 前台强度99% 幸运一击伤害99% 幸运一击率99% 速度增幅99%,打个响指，你将接管整场货币战争。,合成3星5费银狼LV.999后获取,"银狼, 银狼LV.999"
专家邀请函,邀请函,无,无,点击后开启专家邀请函，从至多四名【专家顾问】或【金币】中选择一个获得。 该道具使用后消失。,投资环境 投资策略 开启晶矿,
垃圾袋,？,垃圾,伤害增幅3% 前台强度3% 后台强度3% 幸运一击伤害3% 幸运一击率3% 速度增幅3%,「无污染，无公害，无用处。」,,
金垃圾袋,？？？,垃圾,伤害增幅30% 前台强度30% 后台强度30% 幸运一击伤害30% 幸运一击率30% 速度增幅30%,「任何道具，哪怕是垃圾袋，只要加上【金】前缀，立刻身价飙增。」,,
以太钻头,简易装备,击破,击破效率10%,,,
光能电池,简易装备,能量,初始能量15,,,
和平手枪,简易装备,后台,后台强度10%,,,
幸运星,简易装备,幸运,幸运一击率5%,,,
折叠小刀,简易装备,前台,前台强度10%,,,
生命之花,简易装备,生存,生命增幅5%,,,
轮滑鞋,简易装备,速度,速度增幅5%,,,
量产型装甲,简易装备,生存,伤害减免5%,,,
以牙还牙甲,进阶装备,反伤 护盾,伤害减免10% 幸运一击率20% 护盾强度20%,战斗开始时，我方全体前台获得等同于装备者300%防御力的护盾。装备者受到攻击后，对攻击者造成等同于250%受攻击前护盾量的物理属性伤害，该伤害无法消灭敌方目标。,幸运星 + 量产型装甲合成,"杰帕德, 白厄, 砂金"
信心注入器,进阶装备,减伤 辅助,伤害减免10% 前台强度30%,装备者对我方目标施放技能时，使其前台强度提高30%，获得10%伤害减免，持续2回合。,折叠小刀 + 量产型装甲合成,"刻律德菈, 娜塔莎, 布洛妮娅, 昔涟, 星期日, 花火"
光能盾牌,进阶装备,护盾 生存,伤害减免10% 初始能量30 护盾强度20%,我方前台生命值降低至生命上限的50%以下时，装备者为目标提供等同于装备者300%防御力的护盾，持续2回合，该效果最多触发5次。我方前台持有护盾时，免疫行动延后效果。,量产型装甲 + 光能电池合成,"三月七, 丹恒•腾荒, 杰帕德, 砂金"
光速螺旋桨,进阶装备,输出 速度,速度增幅10%,战斗中，装备者每有10点速度，获得2%前台强度，1%后台强度。,轮滑鞋 + 以太钻头合成,"彦卿, 那刻夏, 镜流, 阿格莱雅, 风堇, 黑天鹅"
冷笑话引擎,进阶装备,幸运 能量,初始能量60 幸运一击率10%,装备者施放终结技时，使装备者幸运一击率提高10%，最多叠加5层。,幸运星 + 光能电池合成,"Saber, 云璃, 大黑塔, 银枝, 飞霄, 黄泉"
动能激发剑,进阶装备,战技点 输出,前台强度40%,装备者回合开始时恢复1个战技点，消耗战技点后，获得1个战技点，每回合最多恢复3点。,折叠小刀 + 以太钻头合成,"Archer, 丹恒•饮月, 卡芙卡, 布洛妮娅, 星期日, 火花"
反卫星狙击枪,进阶装备,后台 幸运,后台强度30% 幸运一击率30%,战斗开始时，装备者若位于后台，使装备者的幸运一击伤害提高10%。,和平手枪 + 幸运星合成,"Saber, 云璃, 彦卿, 托帕&amp;账账, 那刻夏, 镜流"
反重力皮靴,进阶装备,连续行动 速度,速度增幅20%,装备者的每个回合开始时，速度增幅提高15%，可叠加。,轮滑鞋 + 轮滑鞋合成,"Archer, 希儿, 景元, 桑博, 波提欧, 流萤"
天基轨道炮,进阶装备,后台 输出,伤害增幅15% 后台强度60%,大幅度提高后台强度。 「曾经在八百光年外一炮干掉了反物质军团的弓箭手」,和平手枪 + 和平手枪合成,"云璃, 彦卿, 忘归人, 桑博, 镜流, 黑天鹅"
很硬的甲,进阶装备,减伤 生存,伤害减免20%,我方小队获得18%伤害减免。,量产型装甲 + 量产型装甲合成,"娜塔莎, 杰帕德, 椒丘, 罗刹, 藿藿, 赛飞儿"
战场进化手册,进阶装备,星级 输出,初始能量20 前台强度20% 后台强度20%,装备者的每个星级提供10%速度增幅和10%伤害增幅。,折叠小刀 + 光能电池合成,"Saber, 希儿, 白厄, 飞霄, 黄泉, 黑塔"
掩体生成枪,进阶装备,护盾 生存,前台强度20% 后台强度20% 生命增幅10%,装备者回合开始时，为我方全体前台提供等同于装备者30%生命上限的护盾，持续2回合。,和平手枪 + 生命之花合成,"三月七, 丹恒•腾荒, 椒丘, 藿藿, 风堇"
斩首行动,进阶装备,精英 输出,前台强度20% 后台强度20% 速度增幅10%,装备者对精英和首领敌人的伤害增幅提高40%，弱点击破效率提高25%。,和平手枪 + 以太钻头合成,"Archer, 丹恒•饮月, 景元, 波提欧, 遐蝶, 飞霄"
杀红眼,进阶装备,群攻 输出,前台强度30% 后台强度30% 生命增幅10%,装备者消灭1个敌人后，伤害增幅提高25%。,折叠小刀 + 生命之花合成,"云璃, 大黑塔, 景元, 镜流, 黑塔, 黑天鹅"
步步生花,进阶装备,前台 输出,伤害增幅15% 生命增幅10% 速度增幅10%,战斗中，装备者若位于前台，当前生命值高于生命上限的70%时，伤害增幅提高30%。,轮滑鞋 + 生命之花合成,"波提欧, 流萤, 海瑟音, 灵砂, 白厄, 飞霄"
武器大师,进阶装备,辅助,前台强度20% 后台强度20%,我方小队前/后台强度提高25%。,折叠小刀 + 和平手枪合成,"布洛妮娅, 开拓者•记忆, 昔涟, 缇宝, 银狼, 风堇"
永动机,进阶装备,终结技,前台强度20% 后台强度20%,进入战斗时，装备者激活终结技。每施放3个终结技后，再次激活终结技，通过该装备激活的终结技不会计入施放次数。,光能电池 + 光能电池合成,"Saber, 云璃, 昔涟, 遐蝶, 飞霄, 黄泉"
流星飞翼,进阶装备,战技点 辅助,伤害减免10% 速度增幅15%,装备者施放终结技后，恢复1个战技点，并使我方全体速度增幅提高15%，持续2回合。,轮滑鞋 + 量产型装甲合成,"布洛妮娅, 昔涟, 星期日, 爻光, 花火, 阮•梅"
火力风暴潮,进阶装备,输出 连续行动,前台强度20% 后台强度20% 速度增幅10%,装备者每次攻击后，前/后台强度提高8%，可叠加。,轮滑鞋 + 折叠小刀合成,"Archer, 大黑塔, 希儿, 真理医生, 那刻夏, 飞霄"
热血沸腾拳,进阶装备,幸运 生命,幸运一击率10% 生命增幅10%,装备者生命上限大于5000后，每1000生命值提高2%幸运一击率，最多40%。,幸运星 + 生命之花合成,"万敌, 刃, 白厄, 遐蝶, 镜流, 长夜月"
物质分解液,进阶装备,输出,生命增幅10% 速度增幅15%,装备者每回合首次施放攻击后，对随机1个攻击目标造成等同于其3%最大生命值的真实伤害。,生命之花 + 以太钻头合成,"佩拉, 桑博, 那刻夏, 银狼, 阿格莱雅, 黑天鹅"
生命之环,进阶装备,生命 生存,生命增幅15%,我方小队生命上限提高15%。,生命之花 + 生命之花合成,"娜塔莎, 椒丘, 灵砂, 白厄, 藿藿, 风堇"
电光履,进阶装备,能量,初始能量30 速度增幅25%,装备者的每个回合开始时，固定恢复等同于能量上限10%的能量。（唯一装备）,轮滑鞋 + 光能电池合成,"乱破, 大黑塔, 希儿, 彦卿, 杰帕德, 真理医生"
电磁弹射器,进阶装备,后台 速度,后台强度30% 速度增幅20%,装备者若位于后台，战斗开始时行动提前50%。,轮滑鞋 + 和平手枪合成,"佩拉, 姬子, 托帕, 知更鸟, 银狼, 阮•梅"
痛觉阻断芯片,进阶装备,减伤 生存,护盾强度20% 生命增幅10%,装备者治疗我方目标或对其施加护盾后，使其获得15%伤害减免，持续2回合。,生命之花 + 量产型装甲合成,"丹恒•腾荒, 娜塔莎, 杰帕德, 罗刹, 藿藿, 风堇"
碎星斩舰刀,进阶装备,前台 输出,伤害增幅15% 前台强度60%,大幅度提高前台强度。 「我四十公里长的大刀早已饥渴难耐」,折叠小刀 + 折叠小刀合成,"乱破, 卡芙卡, 希儿, 波提欧, 流萤, 海瑟音"
绝对热量,进阶装备,治疗 能量,初始能量20 生命增幅15%,我方小队行动时回复等同于装备者20%生命上限的生命值，装备者施放终结技后，恢复10点能量。（唯一装备）,生命之花 + 光能电池合成,"万敌, 娜塔莎, 椒丘, 灵砂, 符玄, 罗刹"
胜利之旗,进阶装备,幸运 辅助,幸运一击率10%,我方小队幸运一击率提高12%，并可以抵抗4次控制类负面状态，该效果可叠加。,幸运星 + 以太钻头合成,"刻律德菈, 布洛妮娅, 知更鸟, 缇宝, 艾丝妲, 银狼"
自适应外骨骼,进阶装备,前台 后台,伤害减免10% 前台强度20% 后台强度20%,战斗开始时，装备者若位于前台，获得25%伤害减免且受到攻击的概率大幅提高。 装备者若位于后台，后台强度提高20%，速度增幅提高20%。,和平手枪 + 量产型装甲合成,"姬子, 彦卿, 托帕&amp;账账, 杰帕德, 砂金, 镜流"
蓄能帆,进阶装备,能量,初始能量20 前台强度30% 后台强度30%,装备者经过的每点行动值，都会固定恢复2点能量。（唯一装备）,和平手枪 + 光能电池合成,"乱破, 海瑟音, 爻光, 瓦尔特, 花火, 黑天鹅"
虫洞掘进钻头,进阶装备,击破,击破效率50%,大幅度提高弱点击破效率，击破特攻提高250%。 「他的钻头可是能突破天际的钻头啊！」,以太钻头 + 以太钻头合成,"乱破, 姬子, 忘归人, 波提欧, 流萤, 灵砂"
行星钻地弹,进阶装备,脆弱 输出,初始能量15,装备者施放攻击后，使攻击目标陷入【脆弱】：受到的伤害提高35%，持续2回合。,以太钻头 + 光能电池合成,"卡芙卡, 忘归人, 缇宝, 那刻夏, 银狼, 长夜月"
追逐星辰,进阶装备,脆弱 输出,幸运一击率10% 速度增幅10%,装备者施放攻击后，使攻击目标陷入【脆弱】：受到的伤害提高35%，持续2回合。,轮滑鞋 + 幸运星合成,"开拓者•记忆, 翡翠, 那刻夏, 银狼, 长夜月, 黑塔"
闪光手榴弹,进阶装备,虚弱,伤害减免10% 速度增幅15%,敌人进入战斗后陷入【虚弱】：造成的伤害降低20%。,量产型装甲 + 以太钻头合成,"卡芙卡, 椒丘, 灵砂, 砂金, 艾丝妲, 赛飞儿"
随便骰子,进阶装备,随机,伤害减免20% 幸运一击率20%,在每个节点中，随便骰子都会随机为角色填充两件装备（需要空装备栏才能装备随便骰子）。,幸运星 + 幸运星合成,
高周波电锯,进阶装备,前台 幸运,前台强度30% 幸运一击率30%,战斗开始时，装备者若位于前台，使装备者的幸运一击伤害提高10%。,折叠小刀 + 幸运星合成,"Archer, 丹恒•饮月, 希儿, 白厄, 遐蝶, 飞霄"
红钻,钻石,钻石,无,用于合成阵营星徽。 「再次印证了一个古老法则——自古红蓝出CP。」,,
蓝钻,钻石,钻石,无,用于合成流派星徽。 「再次印证了一个古老法则——自古红蓝出CP。」,,
财富宝钻,宝钻,钻石,无,拥有宝钻可以使团队规模上限+1，无论是否被角色穿戴。装备者每3个备战阶段提供1金币。 「拥有财富宝钻就等于拥有了最强超能力——创造财富的能力。」,红钻 + 蓝钻合成 或 红钻 + 红钻合成 或 蓝钻 + 蓝钻合成,
以牙还牙甲•特权,特权装备,反伤 护盾,伤害减免20% 幸运一击率40% 护盾强度40%,战斗开始时，我方全体前台获得等同于装备者600%防御力的护盾。装备者受到攻击后，对攻击者造成等同于500%受攻击前护盾量的物理属性伤害，该伤害无法消灭敌方目标。,,"杰帕德, 白厄, 砂金"
信心注入器•特权,特权装备,减伤 辅助,伤害减免20% 前台强度60%,装备者对我方目标施放技能时，使其前台强度提高60%，获得20%伤害减免，持续2回合。,,"刻律德菈, 娜塔莎, 布洛妮娅, 昔涟, 星期日, 花火"
光能盾牌•特权,特权装备,护盾 生存,伤害减免20% 护盾强度40%,我方前台生命值降低至生命上限的50%以下时，装备者为目标提供等同于装备者600%防御力的护盾，持续2回合，该效果最多触发10次。我方前台持有护盾时，免疫行动延后效果。,,"三月七, 丹恒•腾荒, 杰帕德, 砂金"
光速螺旋桨•特权,特权装备,输出 速度,击破效率50% 速度增幅20%,战斗中，装备者每有10点速度，获得4%前台强度，2%后台强度。,,"彦卿, 那刻夏, 镜流, 阿格莱雅, 风堇, 黑天鹅"
冷笑话引擎•特权,特权装备,幸运 能量,初始能量120 幸运一击率20%,装备者施放终结技时，使装备者幸运一击率提高20%，最多叠加5层。,,"Saber, 云璃, 大黑塔, 银枝, 飞霄, 黄泉"
动能激发剑•特权,特权装备,战技点 输出,击破效率50% 前台强度80%,装备者回合开始时恢复1个战技点，消耗战技点后，获得1个战技点，每回合最多恢复6点。,,"Archer, 丹恒•饮月, 卡芙卡, 布洛妮娅, 星期日, 火花"
反卫星狙击枪•特权,特权装备,后台 幸运,后台强度60% 幸运一击率60%,战斗开始时，装备者若位于后台，使装备者的幸运一击伤害提高20%。,,"Saber, 云璃, 彦卿, 托帕&amp;账账, 那刻夏, 镜流"
反重力皮靴•特权,特权装备,连续行动 速度,速度增幅40%,装备者的每个回合开始时，速度增幅提高30%，可叠加。,,"Archer, 景元, 桑博, 波提欧, 流萤, 阿格莱雅"
天基轨道炮•特权,特权装备,后台 输出,伤害增幅30% 后台强度120%,大幅度提高后台强度。 「曾经在八百光年外一炮干掉了反物质军团的弓箭手」,,"云璃, 彦卿, 忘归人, 桑博, 镜流, 黑天鹅"
很硬的甲•特权,特权装备,减伤 生存,伤害减免40%,我方小队获得36%伤害减免。,,"娜塔莎, 杰帕德, 椒丘, 罗刹, 藿藿, 赛飞儿"
战场进化手册•特权,特权装备,星级 输出,初始能量40 前台强度40% 后台强度40%,装备者的每个星级提供20%速度增幅和20%伤害增幅。,,"Saber, 希儿, 白厄, 飞霄, 黄泉, 黑塔"
掩体生成枪•特权,特权装备,护盾 生存,前台强度40% 后台强度40% 生命增幅20%,装备者回合开始时，为我方全体前台提供等同于装备者60%生命上限的护盾，持续2回合。,,"三月七, 丹恒•腾荒, 椒丘, 藿藿, 风堇"
斩首行动•特权,特权装备,精英 输出,击破效率50% 前台强度20% 后台强度40% 速度增幅40%,装备者对精英和首领敌人的伤害增幅提高80%，弱点击破效率提高50%。,,"Archer, 丹恒•饮月, 景元, 波提欧, 遐蝶, 飞霄"
杀红眼•特权,特权装备,群攻 输出,前台强度60% 后台强度60% 生命增幅20%,装备者消灭1个敌人后，伤害增幅提高50%。,,"云璃, 大黑塔, 景元, 镜流, 黑塔, 黑天鹅"
步步生花•特权,特权装备,前台 输出,伤害增幅30% 生命增幅20% 速度增幅20%,战斗中，装备者若位于前台，当前生命值高于生命上限的50%时，伤害增幅提高60%。,,"波提欧, 流萤, 海瑟音, 灵砂, 白厄, 飞霄"
武器大师•特权,特权装备,辅助,前台强度40% 后台强度40%,我方小队前/后台强度提高50%。,,"布洛妮娅, 开拓者•记忆, 昔涟, 缇宝, 银狼, 风堇"
永动机•特权,特权装备,终结技,前台强度40% 后台强度40%,进入战斗时，装备者激活终结技。每施放3个终结技后，再次激活终结技，通过该装备激活的终结技不会计入施放次数。,,"Saber, 云璃, 昔涟, 遐蝶, 飞霄, 黄泉"
流星飞翼•特权,特权装备,战技点 辅助,伤害减免20% 速度增幅30%,装备者施放终结技后，恢复2个战技点，并使我方全体速度增幅提高30%，持续2回合。,,"布洛妮娅, 昔涟, 星期日, 爻光, 花火, 阮•梅"
火力风暴潮•特权,特权装备,输出 连续行动,前台强度40% 后台强度40% 速度增幅20%,装备者每次攻击后，前/后台强度提高16%，可叠加。,,"Archer, 大黑塔, 希儿, 真理医生, 那刻夏, 飞霄"
热血沸腾拳•特权,特权装备,幸运 生命,幸运一击率20% 生命增幅20%,装备者生命上限大于5000后，每1000生命值提高4%幸运一击率，最多80%。,,"万敌, 刃, 白厄, 遐蝶, 镜流, 长夜月"
物质分解液•特权,特权装备,输出,击破效率50% 生命增幅20% 速度增幅30%,装备者每回合首次施放攻击后，对随机1个攻击目标造成等同于其6%最大生命值的真实伤害。,,"佩拉, 桑博, 那刻夏, 银狼, 阿格莱雅, 黑天鹅"
生命之环•特权,特权装备,生命 生存,治疗强度40% 生命增幅30%,我方小队生命上限提高30%。,,"娜塔莎, 椒丘, 灵砂, 白厄, 藿藿, 风堇"
电光履•特权,特权装备,能量,初始能量60 速度增幅50%,装备者的每个回合开始时，固定恢复等同于能量上限20%的能量。（唯一装备）,,"乱破, 大黑塔, 希儿, 彦卿, 杰帕德, 真理医生"
电磁弹射器•特权,特权装备,后台 速度,后台强度60% 速度增幅40%,装备者若位于后台，战斗开始时行动提前50%。,,"佩拉, 姬子, 托帕, 知更鸟, 银狼, 阮•梅"
痛觉阻断芯片•特权,特权装备,减伤 生存,护盾强度40% 治疗强度40% 生命增幅20%,装备者治疗我方目标或对其施加护盾后，使其获得30%伤害减免，持续2回合。,,"丹恒•腾荒, 娜塔莎, 杰帕德, 罗刹, 藿藿, 风堇"
碎星斩舰刀•特权,特权装备,前台 输出,伤害增幅30% 前台强度120%,大幅度提高前台强度。 「我四十公里长的大刀早已饥渴难耐」,,"乱破, 卡芙卡, 希儿, 波提欧, 流萤, 海瑟音"
绝对热量•特权,特权装备,治疗 能量,初始能量40 生命增幅30%,我方小队行动时回复等同于装备者40%生命上限的生命值，装备者施放终结技后，恢复20点能量。（唯一装备）,,"万敌, 加拉赫, 椒丘, 灵砂, 符玄, 罗刹"
胜利之旗•特权,特权装备,幸运 辅助,击破效率50% 幸运一击率20%,我方小队幸运一击率提高24%，并可以抵抗8次控制类负面状态，该效果可叠加。,,"刻律德菈, 布洛妮娅, 知更鸟, 缇宝, 艾丝妲, 银狼"
自适应外骨骼•特权,特权装备,前台 后台,伤害减免20% 前台强度40% 后台强度40%,战斗开始时，装备者若位于前台，获得50%伤害减免且受到攻击的概率大幅提高。 装备者若位于后台，后台强度提高40%，速度增幅提高40%。,,"姬子, 彦卿, 托帕&amp;账账, 杰帕德, 砂金, 镜流"
蓄能帆•特权,特权装备,能量,初始能量40 前台强度60% 后台强度60%,装备者经过的每点行动值，都会固定恢复4点能量。（唯一装备）,,"乱破, 海瑟音, 爻光, 瓦尔特, 花火, 黑天鹅"
虫洞掘进钻头•特权,特权装备,击破,击破效率100%,大幅度提高弱点击破效率，击破特攻提高500%。 「他的钻头可是能突破天际的钻头啊！」,,"乱破, 姬子, 忘归人, 波提欧, 流萤, 灵砂"
行星钻地弹•特权,特权装备,脆弱 输出,击破效率50% 初始能量30,装备者施放攻击后，使攻击目标陷入【脆弱】：受到的伤害提高70%，持续2回合。,,"卡芙卡, 忘归人, 缇宝, 那刻夏, 银狼, 长夜月"
追逐星辰•特权,特权装备,脆弱 输出,幸运一击率20% 速度增幅20%,装备者施放攻击后，使攻击目标陷入【脆弱】：受到的伤害提高70%，持续2回合。,,"开拓者•记忆, 翡翠, 那刻夏, 银狼, 长夜月, 黑塔"
闪光手榴弹•特权,特权装备,虚弱,伤害减免20% 击破效率20% 速度增幅30%,敌人进入战斗后陷入【虚弱】：造成的伤害降低40%。,,"卡芙卡, 椒丘, 灵砂, 砂金, 艾丝妲, 赛飞儿"
随便骰子•特权,特权装备,随机,伤害减免20% 幸运一击率20%,在每个节点中，随便骰子•特权都会随机为角色填充两件特权装备（需要空装备栏才能装备随便骰子•特权）。,,
高周波电锯•特权,特权装备,前台 幸运,前台强度60% 幸运一击率60%,战斗开始时，装备者若位于前台，使装备者的幸运一击伤害提高20%。,,"Archer, 丹恒•饮月, 希儿, 白厄, 遐蝶, 飞霄"
仙舟星徽,阵营星徽,星徽 钻石,前台强度20%,装备者加入【仙舟】羁绊。,红钻 + 折叠小刀合成,"Archer, 刻律德菈, 开拓者•记忆, 星期日, 火花, 缇宝"
列车同行星徽,阵营星徽,星徽 钻石,速度增幅10%,装备者加入【列车同行】羁绊。,,"Saber, 丹恒•腾荒, 云璃, 刻律德菈, 花火, 藿藿"
夜之半神星徽,阵营星徽,星徽 钻石,后台强度20%,装备者加入【夜之半神】羁绊。,红钻 + 和平手枪合成,"刃, 布洛妮娅, 瓦尔特, 缇宝, 镜流, 风堇"
星间旅人星徽,阵营星徽,星徽 钻石,击破效率25%,装备者加入【星间旅人】羁绊。,红钻 + 以太钻头合成,"刻律德菈, 开拓者•记忆, 托帕&amp;账账, 星期日, 知更鸟, 花火"
昼之半神星徽,阵营星徽,星徽 钻石,速度增幅10%,装备者加入【昼之半神】羁绊。,红钻 + 轮滑鞋合成,"大黑塔, 布洛妮娅, 景元, 遐蝶, 长夜月, 黑天鹅"
狼狩星徽,阵营星徽,星徽 钻石,生命增幅10%,装备者加入【狼狩】羁绊。,红钻 + 生命之花合成,"佩拉, 托帕&amp;账账, 瓦尔特, 知更鸟, 砂金, 赛飞儿"
盛会之星星徽,阵营星徽,星徽 钻石,幸运一击率10%,装备者加入【盛会之星】羁绊。,红钻 + 幸运星合成,"刻律德菈, 开拓者•记忆, 符玄, 罗刹, 藿藿, 银狼"
贝洛伯格星徽,阵营星徽,星徽 钻石,伤害减免10%,装备者加入【贝洛伯格】羁绊。,红钻 + 量产型装甲合成,"椒丘, 瓦尔特, 符玄, 花火, 赛飞儿, 银狼"
银河学者星徽,阵营星徽,星徽 钻石,初始能量30,装备者加入【银河学者】羁绊。,红钻 + 光能电池合成,"知更鸟, 砂金, 缇宝, 翡翠"
减益星徽,流派星徽,星徽 钻石,后台强度20%,装备者加入【减益】羁绊，敌人每陷入1个负面状态，装备者对其造成的伤害提高5%，最多计入5个。,蓝钻 + 和平手枪合成,"乱破, 云璃, 布洛妮娅, 开拓者•记忆, 波提欧, 镜流"
击破星徽,流派星徽,星徽 钻石,击破效率25%,装备者加入【击破】羁绊，击破特攻提高150%。,蓝钻 + 以太钻头合成,"开拓者•记忆, 星期日, 知更鸟, 花火, 银狼, 黄泉"
战技点星徽,流派星徽,星徽 钻石,前台强度20%,装备者加入【战技点】羁绊，施放战技或普攻造成的伤害无视敌人20%的防御力。,蓝钻 + 折叠小刀合成,"大黑塔, 开拓者•记忆, 星期日, 瓦尔特, 白厄, 知更鸟"
护盾星徽,流派星徽,星徽 钻石,伤害减免10%,装备者加入【护盾】羁绊，战斗开始时，为我方全体前台提供等同于装备者100%防御力的护盾。,,"丹恒•腾荒, 布洛妮娅, 希儿, 托帕&amp;账账, 瓦尔特, 翡翠"
持续伤害星徽,流派星徽,星徽 钻石,速度增幅10%,装备者加入【持续伤害】羁绊，攻击后附加【业火】，使目标在回合开始时受到等同于装备者300%攻击力的火属性持续伤害。,蓝钻 + 量产型装甲合成,"昔涟, 知更鸟, 缇宝, 银狼, 风堇"
治疗星徽,流派星徽,星徽 钻石,伤害减免10%,装备者加入【治疗】羁绊，行动时为我方全体前台回复等同于装备者生命上限10%的生命。,,"万敌, 布洛妮娅, 昔涟, 缇宝, 遐蝶, 长夜月"
燃血星徽,流派星徽,星徽 钻石,生命增幅10%,装备者加入【燃血】羁绊，攻击时消耗当前生命值的20%，并获得40%前/后台强度，持续至此次攻击结束。,蓝钻 + 生命之花合成,"丹恒•腾荒, 刻律德菈, 昔涟, 缇宝, 罗刹, 赛飞儿"
群攻星徽,流派星徽,星徽 钻石,幸运一击率10%,装备者加入【群攻】羁绊，场上每存在1名敌人，装备者的前/后台强度提高8%。,蓝钻 + 幸运星合成,"Saber, 昔涟, 真理医生, 艾丝妲, 阮•梅, 风堇"
能量星徽,流派星徽,星徽 钻石,初始能量30,装备者加入【能量】羁绊，造成的所有伤害视为终结技伤害，施放终结技后固定恢复10点能量。,蓝钻 + 光能电池合成,"彦卿, 景元, 瓦尔特, 知更鸟, 黑天鹅"
追击星徽,流派星徽,星徽 钻石,速度增幅10%,装备者加入【追击】羁绊，造成的所有伤害视为追击伤害，行动后行动提前10%。,蓝钻 + 轮滑鞋合成,"云璃, 彦卿, 椒丘, 灵砂, 翡翠, 黑天鹅"
量子同频星徽,流派星徽,星徽 钻石,幸运一击率10%,装备者加入【量子同频】羁绊，每点【同频】额外提供10%量子属性穿透。,,"Archer, 翡翠, 赛飞儿, 遐蝶"
极•白昼•光速螺旋桨,羁绊装备,输出 速度,击破效率25% 速度增幅10%,战斗中，装备者每有10点速度，获得4%前台强度，2%后台强度，1%伤害增幅。 仅供【昼之半神】羁绊队员穿戴。,达成9【昼之半神】羁绊,"昔涟, 海瑟音, 那刻夏, 阿格莱雅, 风堇"
极•白昼•斩首行动,羁绊装备,精英 输出,击破效率50% 前台强度20% 后台强度40% 速度增幅40%,装备者对精英和首领敌人的伤害增幅提高100%，弱点击破效率提高75%。 仅供【昼之半神】羁绊队员穿戴。,达成9【昼之半神】羁绊,"海瑟音, 缇宝, 那刻夏, 阿格莱雅, 风堇"
极•白昼•武器大师,羁绊装备,辅助,前台强度40% 后台强度40%,我方小队前/后台强度提高50%，伤害增幅提高10%。 仅供【昼之半神】羁绊队员穿戴。,达成9【昼之半神】羁绊,"昔涟, 海瑟音, 缇宝, 那刻夏, 风堇"
白昼•光速螺旋桨,羁绊装备,输出 速度,击破效率25% 速度增幅10%,战斗中，装备者每有10点速度，获得2%前台强度，1%后台强度。 仅供【昼之半神】羁绊队员穿戴。,达成3【昼之半神】羁绊,"昔涟, 海瑟音, 那刻夏, 阿格莱雅, 风堇"
白昼•斩首行动,羁绊装备,精英 输出,击破效率25% 前台强度10% 后台强度20% 速度增幅20%,装备者对精英和首领敌人的伤害增幅提高40%，弱点击破效率提高25%。 仅供【昼之半神】羁绊队员穿戴。,达成6【昼之半神】羁绊,"海瑟音, 缇宝, 那刻夏, 阿格莱雅, 风堇"
白昼•武器大师,羁绊装备,辅助,前台强度20% 后台强度20%,我方小队前/后台强度提高25%。 仅供【昼之半神】羁绊队员穿戴。,达成4【昼之半神】羁绊,"昔涟, 海瑟音, 缇宝, 那刻夏, 风堇"
冶金炉,消耗品,无,无,拖动到一件装备上使用，使其变为同类型的随机装备。 拖动到一个角色上使用，取下所有装备并使其变为同类型的随机装备。 该道具使用后消失。,,
员工投影仪,消耗品,无,无,拖动到一个3费及以下的角色上使用，在备战席创造一个该角色的1星复制。 该道具使用后消失。,,
好运令牌,消耗品,无,无,拖动到一个角色上使用，从该角色的四件推荐进阶装备中选择一件获得。 该道具使用后消失。,,
完美投影仪,消耗品,无,无,拖动到一个任意角色上使用，在备战席创造一个该角色的1星复制。 该道具使用后消失。,,
拆装扳手,消耗品,无,无,拖动到一个角色上使用，可以取下该角色穿戴的所有装备。 该道具使用后消失。,,
特权赋予卡,消耗品,无,无,拖动到一件进阶装备上使用，使其变为对应的特权装备。 拖动到一个角色上使用，从角色已穿戴的进阶装备中选择一件变为特权装备。 该道具使用后消失。,,
精密拆装扳手,消耗品,无,无,拖动到一个角色上使用，可以取下该角色穿戴的所有装备，可无限次使用。 拥有该道具后，再获得拆装扳手时，改为获得1金币。,,
特权武装箱,武装箱,无,无,点击后开启特权武装箱，从四件特权装备中选择一件获得。 该道具使用后消失。,投资环境 投资策略,
简易武装箱,武装箱,无,无,点击后开启简易武装箱，从四件简易装备中选择一件获得。 该道具使用后消失。,投资环境 投资策略 特定羁绊奖励 开启晶矿,
进阶武装箱,武装箱,无,无,点击后开启进阶武装箱，从四件进阶装备中选择一件获得。 该道具使用后消失。,投资策略 特定羁绊奖励 开启晶矿,
