名称,费用,站位,定位,羁绊,技能,推荐装备,生命增幅,基础前台强度,基础后台强度,速度增幅,基础治疗强度,基础护盾强度
姬子•启行,3,前台,输出,列车同行；领航员,领航的星炬（战技）：选择伙伴并强化【列车同行】羁绊效果，后台角色也可以施放助战技。姬子•启行在升星时，获得更多的基础前台强度。。升起领航的烽火（战技）：。银轨同行（天赋）：,高周波电锯；杀红眼；火力风暴潮,30%/69%/108%/-,150/300/600/-,0/0/0/-,20%/32%/44%/-,60/60/60/-,60/60/-/-
吉尔伽美什,2,前后台,输出,命运圣杯；能量,窃用宝物的贼人啊，本王准了！（天赋，前台）：根据小队装备数量，提高全体幸运一击伤害，自身获得更多。。王律键（天赋，前台）：。「本王允许你进攻」（天赋，前台）：,永动机；碎星斩舰刀；高周波电锯,15%/50%/84%/119%,125/200/275/350,125/200/275/350,10%/21%/32%/43%,60/60/60/60,60/60/60/-
千冶•刃,2,后台,输出,星核猎手；燃血；减益,万般消磨，吾身为刃（战技）：进入战斗前为自己打造装备。\n消耗生命值攻击敌人，施放终结技回复生命。展开结界削弱敌方并增益我方，全队攻击使千冶•刃额外施放战技。。刃下，归葬（战技）：行动时施放，消耗千冶•刃25%的最大生命值。千冶•刃以200%/250%/300%/300%的速度行动。。骸骨当炉，血肉即薪（终结技）：战斗开始时施放。。千冶铸一，万劫烬灭（终结技）：生命值低于生命上限的5%时施放。。因果尽偿（天赋）：。天工巧手（天赋）：,武器大师；胜利之旗；行星钻地弹,10%/32%/54%/76%,100/140/180/220,125/175/225/275,10%/21%/32%/44%,100/100/100/100,100/100/100/-
远坂凛,1,前后台,输出,命运圣杯；战技点,宝石魔术师（天赋，前台）：获取【宝石能量】额外召唤【Archer】发动连携攻击，消耗【宝石能量】额外提高我方暴击伤害。。宝石魔术（天赋，前台）：。魔弹连发（天赋，前台）：。五大元素使（天赋，前台）：,动能激发剑；胜利之旗；武器大师,0%/30%/60%/90%,100/160/220/280,100/160/220/280,0%/10%/20%/30%,60/60/60/60,60/60/60/-
银狼LV.999,3,前台,输出,星核猎手；欢愉；头号玩家；星核猎手；欢愉；头号玩家；星核猎手；欢愉；头号玩家,键盘攻击（天赋）：【隐藏分】档位上限额外提高1阶，普攻获得【阿哈】的属性加成。。骇客笑语（天赋）：。隐藏关卡（天赋）：,火力风暴潮；高周波电锯；反重力皮靴,30%/69%/108%/-,150/240/330/-,0/0/0/-,20%/32%/44%/-,60/60/60/-,60/60/-/-
开拓者•欢愉,4,后台,输出；辅助,列车同行；能量；欢愉,喜剧开场（欢愉技）：装备最多的【欢愉】队员在阿哈时刻的欢愉技会立即重复施放一次。终结技可使目标立即施放欢愉技。。风暴甚是喧嚣（战技）：。放心飞，开拓永相随！（终结技）：。英雄一笑，生死难料（天赋）：。我说欢愉，你耳朵聋吗？（欢愉技）：。好戏连轴转（天赋）：。无名笑语（天赋）：。命途相变（天赋）：,武器大师；蓄能帆；流星飞翼,45%/88%/132%/-,100/160/220/-,175/280/500/-,30%/43%/56%/-,60/60/60/-,60/60/-/-
绯英,2,前后台,输出,星间旅人；欢愉,绯红踏英歌（天赋，前台）：施放终结技时获得【阿哈】的属性加成，并永久提高伤害增幅。。青春•韶华无限（天赋，前台）：。狐面笑语（天赋，前台）：。落英缤纷（天赋，前台）：,永动机；电光履；火力风暴潮,15%/50%/84%/119%,125/200/275/350,125/200/275/350,10%/21%/32%/43%,60/60/60/60,60/60/60/-
不死途,2,前后台,输出,巡海游侠；追击,贪婪之手（终结技，前台）：可以按星级为前台【巡海游侠】提供羁绊的增益。。飨宴，自始无终（终结技，前台）：。宿怨，切齿奉还（天赋，前台）：。千万流星，汇聚一心（天赋，前台）：,火力风暴潮；高周波电锯；光速螺旋桨,15%/50%/84%/119%,125/200/275/350,125/200/275/350,10%/21%/32%/43%,60/60/60/60,60/60/60/-
火花,4,前台,输出,星间旅人；战技点；欢愉,流量为王（天赋）：阿哈时刻时可以额外施放欢愉技【顶级流量】，开启晶矿可以提升【顶级流量】的等级。【顶级流量】攻击后有概率获得晶矿。。爆款代表作（天赋）：。顶级流量（欢愉技）：。自媒体团队（天赋）：。愚者笑语（天赋）：,高周波电锯；动能激发剑；碎星斩舰刀,45%/89%/132%/-,175/280/500/-,0/0/0/-,30%/43%/56%/-,60/60/60/-,60/60/-/-
大丽花,1,前后台,输出,盛会之星；击破,终将到来的葬礼（天赋，前台）：大丽花的追加攻击段数提高。。谁在害怕康士坦丝？（天赋，前台）：,追逐星辰；武器大师；反重力皮靴,0%/30%/60%/90%,100/160/220/280,100/160/220/280,0%/10%/20%/30%,60/60/60/60,60/60/60/-
爻光,1,前后台,辅助,仙舟；欢愉,嬉变一爻，祸福自招（终结技，前台）：欢愉技可使神君行动提前。【好活当赏】使我方额外造成的欢愉伤害提高。。霓裳铁羽，六爻皆吉（终结技，前台）：。屏开千光，遍观自在（天赋，前台）：。赠君一卦，火树银花（欢愉技，前台）：。华丽登场（天赋，前台）：。卜者笑语（天赋，前台）：,胜利之旗；永动机；蓄能帆,0%/30%/60%/90%,100/160/220/280,100/160/220/280,0%/10%/20%/30%,60/60/60/60,60/60/60/-
流萤,5,前台,输出,星核猎手；击破,点燃大海（终结技）：始终处于「完全燃烧」状态，获得可攻击敌方全体的新终结技。攻击非击破状态的敌人也能触发超击破。。超新星过载（终结技）：。完全燃烧（天赋）：,虫洞掘进钻头；碎星斩舰刀；永动机,60%/108%/500%/-,200/320/2000/-,0/0/0/-,45%/60%/300%/-,80/80/80/-,60/60/-/-
昔涟,5,前台,辅助；输出,昼之半神；夜之半神；挚爱之人,爱与黄金（天赋）：进入战斗时获得【追忆】，并强化所有黄金裔角色获得的角色赋能效果。。黄金铸成的史诗（天赋）：。盛放吧，来世的乐土（战技）：,永动机；武器大师；胜利之旗,40%/68%/400%/-,200/320/2000/-,0/0/0/-,45%/60%/300%/-,60/60/60/-,60/60/-/-
瓦尔特,5,前台,输出；辅助,列车同行；星间旅人；减益,黑洞领域（天赋）：终结技会延后战斗结束倒计时，战技段数增加。若我方小队使敌人陷入负面状态，敌人会受到附加伤害，并叠加减速与易伤。。无法逃脱（天赋）：。虚空断界（战技）：。拟似黑洞（终结技）：,高周波电锯；蓄能帆；永动机,60%/108%/500%/-,200/320/2000/-,0/0/0/-,45%/60%/300%/-,60/60/60/-,60/60/-/-
布洛妮娅,5,前台,辅助；输出,贝洛伯格；大守护者；燃血,领军之旗（秘技）：战技使目标和自身的属性额外提高，终结技可持续为我方小队提供增益。。作战再部署（战技）：。贝洛伯格进行曲（终结技）：,武器大师；动能激发剑；信心注入器,60%/108%/500%/-,200/320/2000/-,0/0/0/-,45%/60%/300%/-,60/60/60/-,60/60/-/-
景元,5,前台,输出,仙舟；群攻,煌煌神威（天赋）：神君的段数叠加上限和叠加速度提升，且会在叠加一定层数后立即行动，并使景元行动提前。。斩勘神形（天赋）：。天人感应（天赋）：,高周波电锯；电光履；斩首行动,60%/108%/500%/-,200/320/2000/-,0/0/0/-,45%/60%/300%/-,60/60/60/-,60/60/-/-
Archer,5,前台,输出,命运圣杯；战技点；魔术师,幻想崩坏（战技）：连续施放的第5次战技会消耗所有战技点并额外造成大量伤害，终结技可攻击敌方全体。。伪•螺旋剑（战技）：。无限剑制（终结技）：,动能激发剑；反重力皮靴；高周波电锯,60%/108%/500%/-,200/320/2000/-,0/0/0/-,45%/60%/300%/-,60/60/60/-,60/60/-/-
云璃,5,后台,输出,狼狩；能量,以剑为盾（终结技）：我方攻击或受到攻击后为云璃恢复能量，施放终结技攻击敌人后获得【剑盾】以保护我方前台并发动反击。。剑为地纪，刃惊天宗（终结技）：满能量时施放。我方前台目标/我方其他后台目标/敌方目标发动攻击后，云璃恢复12/12/60&lt;gridfightmod type=backrank index=1 format=i&gt;/12/12/60&lt;gridfightmod type=backrank index=2 format=i&gt;/20/20/120&lt;gridfightmod type=backrank index=3 format=i&gt;点能量。。闪烁（天赋）：,反卫星狙击枪；永动机；斩首行动,60%/108%/500%/-,100/160/220/-,200/320/2000/-,45%/60%/300%/-,80/80/80/-,60/60/-/-
托帕&账账,5,后台,输出；辅助,公司；追击,猪市（战技）：行动时攻击敌方全体并有概率获得金币。我方小队攻击后使托帕&amp;账账行动提前。敌人受到的伤害提高。。支付困难？（战技）：行动时施放。托帕&amp;账账以200%/250%/300%的速度行动。。利滚利（天赋）：,反卫星狙击枪；自适应外骨骼；天基轨道炮,60%/108%/500%/-,100/160/220/-,200/320/2000/-,45%/60%/300%/-,60/60/60/-,60/60/-/-
黑天鹅,5,后台,输出；辅助,盛会之星；持续伤害；命运卜者,窥视奥迹（战技）：为敌人添加可叠加层数的持续伤害【奥迹】，敌人回合触发【奥迹】时自身恢复能量，终结技可维持【奥迹】层数。【奥迹】的可叠加层数能超过上限。。失坠，伪神的黄昏（战技）：行动时施放。黑天鹅以200%/250%/300%的速度行动。。沉醉于彼界的臂湾（终结技）：满能量时施放。\n战技恢复30点能量，敌方目标回合开始【奥迹】造成伤害时，每层【奥迹】使黑天鹅恢复0.5点能量。。无端命运的机杼（天赋）：,光速螺旋桨；斩首行动；杀红眼,60%/108%/500%/-,100/160/220/-,200/320/2000/-,45%/60%/300%/-,60/60/60/-,60/60/-/-
银狼,4,前后台,辅助；输出,星核猎手；量子同频,全域封禁（战技，前台）：战技强化为攻击敌方全体目标，且每层【缺陷】都会使敌人受到的伤害提高。。是否允许更改？（战技，前台）：。算法漏洞（天赋，前台）：,武器大师；电光履；追逐星辰,45%/89%/132%/-,175/280/500/-,175/280/500/-,30%/43%/56%/-,60/60/60/-,60/60/-/-
开拓者•记忆,4,前台,辅助；输出,列车同行；能量,欧拉！（忆灵技）：迷迷发动攻击后造成真实伤害，普通攻击有概率触发连击，并使敌人防御力降低。。坏人！麻烦！（忆灵技）：。最强声援（忆灵天赋）：,武器大师；胜利之旗；斩首行动,45%/88%/132%/-,175/280/500/-,0/0/0/-,30%/43%/56%/-,60/60/60/-,60/60/-/-
知更鸟,4,后台,辅助；输出,盛会之星；追击,银河歌姬（战技）：使我方小队造成的伤害提高。行动时，使我方全体前台目标立即行动且在攻击后附加多次伤害。。翎之咏叹调（战技）：战斗开始时施放。。千音迭奏，群星赋格（终结技）：行动时施放。知更鸟以100%/125%/150%的速度行动。,电磁弹射器；武器大师；胜利之旗,45%/89%/132%/-,100/160/220/-,175/280/500/-,30%/43%/56%/-,60/60/60/-,60/60/-/-
杰帕德,4,前台,护盾；输出,贝洛伯格；护盾,筑城之志（天赋）：杰帕德会提供更多护盾，并提高拥有大量护盾目标的攻击力。且在我方受到数次攻击后反击敌人。。凛冬反攻（天赋）：。傲然之姿（天赋）：,自适应外骨骼；光能盾牌；以牙还牙甲,45%/89%/132%/-,175/280/500/-,0/0/0/-,30%/43%/56%/-,60/60/60/-,90/105/-/-
波提欧,4,前台,输出,巡海游侠；击破,清空弹匣（普攻）：波提欧的强化普攻可以为指定目标添加物理弱点，并攻击多个目标，终结技削韧值提高。。击锤连弩（普攻）：。优势开局（天赋）：。轮中五豆（天赋）：,虫洞掘进钻头；反重力皮靴；斩首行动,45%/89%/132%/-,175/280/500/-,0/0/0/-,30%/43%/56%/-,60/60/60/-,60/60/-/-
罗刹,4,后台,治疗；辅助,星间旅人；治疗,生生不息（战技）：开启治疗结界使我方发动攻击后恢复生命。战技治疗我方单体目标并积攒【急救】，可自动治疗生命值较低的队友。。白花的祈望（战技）：行动时施放。罗刹以200%/250%/300%的速度行动。。生息的轮转（天赋）：,生命之环；痛觉阻断芯片；绝对热量,45%/89%/132%/-,100/160/220/-,175/280/500/-,30%/43%/56%/-,75/85/100/-,60/60/-/-
长夜月,4,前后台,输出；辅助,夜之半神；燃血,长夜漫漫（天赋，前台）：我方小队目标越多，全队暴击伤害、幸运一击伤害越高。。众人的美梦（天赋，前台）：,追逐星辰；热血沸腾拳；高周波电锯,30%/56%/82%/-,175/245/400/-,175/245/400/-,30%/43%/56%/-,80/80/80/-,80/80/-/-
大黑塔,4,前台,输出,银河学者；群攻,双塔奇兵（天赋）：施放强化战技后生成【黑塔人偶】进行追击。我方小队中存在黑塔时，该次追击的攻击次数增加。。人偶大作战（天赋）：,高周波电锯；电光履；火力风暴潮,45%/89%/132%/-,175/280/500/-,0/0/0/-,30%/43%/56%/-,60/60/60/-,60/60/-/-
符玄,4,后台,治疗；辅助,仙舟；治疗；量子同频,大穷观阵（天赋）：前台角色分摊受到的伤害，我方小队幸运一击伤害提高。消灭敌人获得【翻转】，使我方角色不会受到致命伤害并在生命值较低时自动治疗。。寰宇穷观（天赋）：。反者道之动（天赋）：,生命之环；很硬的甲；武器大师,30%/56%/82%/-,100/130/160/-,175/227.5/360/-,30%/43%/56%/-,100/100/100/-,60/60/-/-
遐蝶,4,前台,输出,夜之半神；燃血,荒芜流淌（天赋）：连携攻击消耗更多生命值并造成更高伤害，死龙消灭敌人可回复生命，溢出的生命值在自身消失后转化为【新蕊】。。掌心淌过的荒芜（天赋）：。骸爪，冥龙之环拥（战技）：,杀红眼；热血沸腾拳；永动机,30%/56%/82%/-,175/245/400/-,0/0/0/-,30%/43%/56%/-,60/60/60/-,60/60/-/-
彦卿,4,后台,输出,仙舟；狼狩；减益,天河奔怒涛（战技）：行动时攻击并使敌人陷入冰冻状态。彦卿在我方对敌人施加减益时恢复能量，满能量后施放终结技攻击所有敌人。。遥击三尺水（战技）：行动时施放。彦卿以200%/250%/300%的速度行动。。天河泻（终结技）：满能量时施放。战技恢复30点能量，我方小队其他目标行动时如果使敌方目标陷入负面状态，则使彦卿恢复15点能量。。剑心通明（天赋）：,反卫星狙击枪；光速螺旋桨；斩首行动,45%/89%/132%/-,100/160/220/-,175/280/500/-,30%/43%/56%/-,60/60/60/-,60/60/-/-
海瑟音,4,前台,输出,昼之半神；持续伤害,深海回响（天赋）：海瑟音攻击后为目标叠加持续伤害【深海回响】，并使其在被攻击后对自身和相邻敌人额外造成持续伤害。。海之歌（天赋）：,斩首行动；碎星斩舰刀；蓄能帆,45%/89%/132%/-,175/280/500/-,0/0/0/-,30%/43%/56%/-,60/60/60/-,60/60/-/-
那刻夏,3,后台,输出；辅助,昼之半神；群攻,研究的力量（战技）：行动时施放战技攻击敌人。那刻夏的暴击伤害提高，我方小队造成的伤害提高。。分形，驱逐虚知（战技）：行动时施放。那刻夏以200%/250%/300%的速度行动。。四分明哲，三重至高（天赋）：。启智讲堂（天赋）：,反卫星狙击枪；火力风暴潮；光速螺旋桨,30%/69%/108%/-,100/160/220/-,150/240/330/-,20%/32%/44%/-,60/60/60/-,60/60/-/-
镜流,3,后台,输出,狼狩；燃血,冷月寒光（战技）：消耗自身和全体前台目标的生命值攻击敌人，提高我方小队暴击伤害，生命值较低时施放终结技攻击敌人会回复生命值。。寒川映月（战技）：行动时施放。镜流以200%/250%/300%的速度行动。。昙华生灭，天河泻梦（终结技）：生命值低于生命上限的5%时施放。。冰魄凝霜雪（天赋）：,反卫星狙击枪；光速螺旋桨；热血沸腾拳,20%/44%/68%/-,100/140/180/-,150/210/270/-,20%/32%/43%/-,80/80/80/-,80/80/-/-
白厄,3,前台,输出,救世主,我独自战斗（天赋）：获得前台队友的羁绊效果和属性，前台角色星级越高自身前台强度越高。。背负希望（天赋）：,高周波电锯；热血沸腾拳；杀红眼,30%/69%/108%/-,150/240/330/-,0/0/0/-,20%/32%/44%/-,80/80/80/-,60/60/-/-
忘归人,3,后台,辅助；输出,仙舟；击破,燎火惊鸿舞（终结技）：我方可无视属性削韧、多次造成击破伤害。敌人韧性降低后忘归人恢复能量，终结技攻击敌人可叠加易伤。。阳极照世，离火满缀（终结技）：满能量时施放。敌方目标韧性值累计降低10点后，恢复5点能量。。善盈后福，德气流布（天赋）：,虫洞掘进钻头；行星钻地弹；蓄能帆,30%/69%/108%/-,100/160/220/-,150/240/330/-,20%/32%/44%/-,60/60/60/-,60/60/-/-
姬子,3,后台,输出,列车同行；击破,天惊石破（天赋）：战技攻击敌人并无视弱点削减韧性，敌人被击破后触发追击并使敌人受到的伤害提高。。乘胜追击（天赋）：。熔核爆裂（战技）：行动时施放。姬子以200%/250%/300%的速度行动。,斩首行动；虫洞掘进钻头；杀红眼,30%/69%/108%/-,100/160/220/-,150/240/330/-,20%/32%/44%/-,60/60/60/-,60/60/-/-
刻律德菈,3,前后台,辅助,夜之半神；战技点,我来，我见，我征服！（战技，前台）：回合开始时恢复战技点，复制角色战技并额外施放的效率提高，可复制【战技点】羁绊内原有队员的普攻。。升变，士皆可帅（战技，前台）：。君主威严（天赋，前台）：,信心注入器；武器大师；胜利之旗,30%/69%/108%/-,150/240/330/-,150/240/330/-,20%/32%/44%/-,60/60/60/-,60/60/-/-
真理医生,3,前台,输出,银河学者；星间旅人；追击,饱和式提问（天赋）：施放战技可以使敌人易伤，并触发多次追加攻击。。我思故我在（天赋）：,火力风暴潮；反重力皮靴；高周波电锯,30%/69%/108%/-,150/240/330/-,0/0/0/-,20%/32%/44%/-,60/60/60/-,60/60/-/-
Saber,3,前后台,输出,命运圣杯；能量,理想乡（天赋，前台）：我方小队其他目标施放终结技后，使&lt;unbreak&gt;Saber&lt;/unbreak&gt;的终结技能弹射更多次数。。王之心（天赋，前台）：,高周波电锯；永动机；冷笑话引擎,30%/69%/108%/-,150/240/330/-,150/240/330/-,20%/32%/44%/-,60/60/60/-,60/60/-/-
黄泉,3,前台,输出,巡海游侠；减益,飞雷紫（天赋）：对陷入负面状态的敌人额外施加标记，终结技消耗标记额外造成伤害。。紫电断空（天赋）：,高周波电锯；永动机；冷笑话引擎,30%/69%/108%/-,150/240/330/-,0/0/0/-,20%/32%/44%/-,60/60/60/-,60/60/-/-
希儿,3,前台,输出,贝洛伯格；量子同频,弱者斩杀（战技）：希儿的战技和终结技倍率提高，并可以处决低生命值的敌人。。归刃（战技）：。再现（天赋）：。迸发（天赋）：。斩决（天赋）：,战场进化手册；火力风暴潮；高周波电锯,30%/69%/108%/-,150/240/330/-,0/0/0/-,20%/32%/44%/-,60/60/60/-,60/60/-/-
星期日,3,前后台,辅助,列车同行；盛会之星；能量,福泽亲吻的大地（天赋，前台）：为全体前台恢复能量，额外使后台1号位角色恢复能量且成为【蒙福者】，全体后台造成的伤害提高。。光与我等同在（天赋，前台）：。轻与伤痕的赞颂（终结技，前台）：,胜利之旗；信心注入器；武器大师,30%/69%/108%/-,150/240/330/-,150/240/330/-,20%/32%/44%/-,60/60/60/-,60/60/-/-
娜塔莎,3,前后台,治疗,贝洛伯格；治疗,爱的礼物（终结技，前台）：终结技会使目标获得【礼物】，造成的伤害提高并每回合回复生命值。。新生之礼（终结技，前台）：,生命之环；痛觉阻断芯片；绝对热量,20%/44%/68%/-,150/195/240/-,150/195/240/-,20%/32%/43%/-,60/70/80/-,60/60/-/-
丹恒•腾荒,2,后台,护盾,夜之半神；护盾,龙灵在天（战技）：使队友获得【龙灵】，攻击力提高并为全体前台提供护盾，【龙灵】行动时也会提供护盾并攻击全体敌人。。渊渟岳峙，地载八荒（战技）：行动时施放。丹恒•腾荒以200%/250%/300%/300%的速度行动。。生生之德，品物流形（天赋）：,光能盾牌；痛觉阻断芯片；绝对热量,15%/50%/84%/119%,100/160/220/280,125/200/275/350,10%/21%/32%/43%,60/60/60/60,70/80/90/-
灵砂,2,前台,治疗；输出,狼狩；击破；治疗,浮元旌旗，蔽日遮天（天赋）：战技和终结技可以召唤更多【浮元】，每只【浮元】提高我方小队的伤害增幅和伤害减免。【浮元】可自动治疗生命值较低的队员。。浮元一击，雷霆万钧（天赋）：。烟斜雾横，氛氲化生（天赋）：,生命之环；虫洞掘进钻头；绝对热量,15%/50%/84%/119%,125/200/275/350,0/0/0/0,10%/21%/32%/43%,70/80/90/90,60/60/60/-
砂金,2,前台,护盾；输出,公司；追击；护盾,博弈论（天赋）：提供更多护盾并有机会获得额外的【盲注】。我方小队伤害提高。。金石存护（天赋）：,光能盾牌；以牙还牙甲；痛觉阻断芯片,15%/50%/84%/119%,125/200/275/350,0/0/0/0,10%/21%/32%/43%,60/60/60/60,65/85/105/-
丹恒•饮月,2,前台,输出,列车同行；仙舟；战技点,苍龙战于深渊（天赋）：队友消耗战技点后自身获得【逆鳞】，战技可以无上限消耗战技点进行强化。。龙有逆鳞（天赋）：。盘拏耀跃（普攻）：,高周波电锯；动能激发剑；斩首行动,15%/50%/84%/119%,125/200/275/350,0/0/0/0,10%/21%/32%/43%,60/60/60/60,60/60/60/-
花火,2,后台,辅助,盛会之星；量子同频；战技点,欺诈面具（终结技）：战技点上限提高。终结技提高我方小队暴击伤害并恢复战技点，前台攻击或消耗战技点后为花火恢复能量。敌人受到的伤害提高。。一人千役（终结技）：满能量时施放。我方前台攻击后花火恢复5点能量。我方前台的回合内每消耗1个战技点，回合结束时花火恢复3点能量。。虚构事实（天赋）：,信心注入器；武器大师；蓄能帆,15%/50%/84%/119%,100/160/220/280,125/200/275/350,10%/21%/32%/43%,60/60/60/60,60/60/60/-
缇宝,2,前后台,辅助；输出,昼之半神；群攻；量子同频,一二三，火箭发射！（终结技，前台）：施放终结技和发动追加攻击后，缇宝的暴击伤害提高。。猜猜这里住着谁（终结技，前台）：。收获满满元气（天赋，前台）：,武器大师；胜利之旗；热血沸腾拳,10%/32%/54%/76%,125/175/225/275,125/175/225/275,10%/21%/32%/44%,60/60/60/60,60/60/60/-
银枝,2,前后台,输出；辅助,星间旅人；群攻,美美与共（终结技，前台）：命中目标后为我方小队叠加增益，两种终结技都会造成额外伤害。。驻于花庭，赐与尽美（终结技，前台）：。驻「我」华庭，授予至勋（终结技，前台）：。崇高的客体（天赋，前台）：,永动机；冷笑话引擎；蓄能帆,15%/50%/84%/119%,125/200/275/350,125/200/275/350,10%/21%/32%/43%,60/60/60/60,60/60/60/-
卡芙卡,2,前后台,输出；辅助,星核猎手；持续伤害,浓墨的夜（天赋，前台）：战技触发持续伤害的倍率提高，携带装备会使所有技能触发持续伤害的倍率额外提高。。必先利其器（天赋，前台）：。月光摩挲连绵（战技，前台）：,反重力皮靴；火力风暴潮；行星钻地弹,15%/50%/84%/119%,125/200/275/350,125/200/275/350,10%/21%/32%/43%,60/60/60/60,60/60/60/-
风堇,2,前台,治疗；输出,昼之半神；治疗；燃血,飞天神马小伊卡（?）：小伊卡额外记录全队治疗量，并造成更多的伤害。,生命之环；痛觉阻断芯片；流星飞翼,10%/32%/54%/76%,125/175/225/275,0/0/0/0,10%/21%/32%/44%,65/75/85/85,60/60/60/-
阮•梅,2,后台,辅助,银河学者；击破,残梅傲雪绽（战技）：终结技使我方小队全属性抗性穿透提高并在攻击后施加【残梅绽】，触发时可充能【击破】羁绊。我方小队伤害和击破效率提高。。慢捻抹复挑（战技）：战斗开始时施放。。摇花缎水，沾衣不摘（终结技）：行动时施放。阮•梅以200%/250%/300%/300%的速度行动。,流星飞翼；很硬的甲；武器大师,15%/50%/84%/119%,100/160/220/280,125/200/275/350,10%/21%/32%/43%,60/60/60/60,60/60/60/-
佩拉,2,后台,辅助；输出,贝洛伯格；减益,破甲弹头（战技）：行动时攻击敌人，施放终结技会降低敌人防御。。低温妨害（战技）：行动时施放。佩拉以200%/250%/300%/300%的速度行动。。领域压制（终结技）：满能量时施放。战技恢复30点能量，我方小队其他目标行动时若使敌方目标陷入了负面状态，则行动后佩拉恢复8点能量。,武器大师；追逐星辰；闪光手榴弹,15%/50%/84%/119%,100/160/220/280,125/200/275/350,10%/21%/32%/43%,60/60/60/60,60/60/60/-
翡翠,1,后台,输出；辅助,公司；群攻,利益交换（战技）：使前台角色成为【收债人】，速度与暴击伤害提高，并在击中目标时为翡翠计数，以发动追加攻击。。恣肆吞併的担保（战技）：战斗开始时施放。。剔烁之牙（天赋）：,反卫星狙击枪；杀红眼；天基轨道炮,0%/30%/60%/90%,100/160/220/280,100/160/220/280,0%/10%/20%/30%,60/60/60/60,60/60/60/-
停云,1,后台,辅助,仙舟；能量,佳音降祥瑞（终结技）：终结技为前台单体角色恢复能量并提高造成的伤害。我方回合开始时为停云恢复能量。。庆云光覆仪祷（终结技）：满能量时施放。我方前台角色回合开始时，停云恢复10点能量。,武器大师；胜利之旗；蓄能帆,0%/30%/60%/90%,100/160/220/280,100/160/220/280,0%/10%/20%/30%,60/60/60/60,60/60/60/-
三月七,1,后台,护盾,列车同行；护盾,本姑娘保护你！（战技）：我方小队造成的伤害提高。行动时为我方低血量目标施加护盾，并使相邻目标也获得护盾。。可爱即是正义（战技）：行动时施放。三月七以200%/250%/300%/300%的速度行动。。无漏之诗（天赋）：,武器大师；光能盾牌；绝对热量,0%/30%/60%/90%,100/160/220/280,100/160/220/280,0%/10%/20%/30%,60/70/80/80,60/70/80/-
乱破,1,前台,输出,巡海游侠；击破,忍•虚数•破界流（天赋）：强化普攻的削韧量提高，敌人被击破后，乱破对其造成弹射伤害。。忍术•随动刃（天赋）：,虫洞掘进钻头；碎星斩舰刀；斩首行动,0%/30%/60%/90%,100/160/220/280,0/0/0/0,0%/10%/20%/30%,60/60/60/60,60/60/60/-
藿藿,1,前后台,治疗；辅助,仙舟；能量；治疗,遣神役鬼（终结技，前台）：终结技额外为我方全体后台恢复能量，并使其攻击力提高。。尾巴•遣神役鬼（终结技，前台）：,生命之环；痛觉阻断芯片；绝对热量,0%/20%/40%/60%,100/130/160/190,100/130/160/190,0%/10%/20%/30%,65/75/85/85,60/60/60/-
刃,1,后台,输出,星核猎手；燃血,玉石俱焚（天赋）：我方前台损失生命时，刃可消耗生命积攒充能层数，以攻击全体敌人。。倏忽恩赐（天赋）：,反卫星狙击枪；热血沸腾拳；杀红眼,0%/20%/40%/60%,100/140/180/220,100/140/180/220,0%/10%/20%/30%,80/80/80/80,60/60/60/-
艾丝妲,1,前台,辅助,银河学者；持续伤害,高能射线（战技）：战技可以弹射更多次数，并使目标陷入可叠加的灼烧。。流星群落（战技）：。天火（天赋）：,胜利之旗；武器大师；物质分解液,0%/30%/60%/90%,100/160/220/280,0/0/0/0,0%/10%/20%/30%,60/60/60/60,60/60/60/-
阿格莱雅,1,前台,输出,昼之半神；能量,金织如梦（天赋）：忆灵天赋的速度增益的层数上限提高，且每层额外提高伤害。强化普攻视为终结技伤害。。盛夏双人舞（天赋）：,永动机；火力风暴潮；光速螺旋桨,0%/30%/60%/90%,100/160/220/280,0/0/0/0,0%/10%/20%/30%,60/60/60/60,60/60/60/-
飞霄,1,前台,输出,狼狩；追击,大捷！大捷！（天赋）：追击后有概率额外追击1次，每次追击都会永久提高追击伤害。后台行动也提供【飞黄】。。雷狩（天赋）：。谁与争锋（天赋）：,永动机；斩首行动；火力风暴潮,0%/30%/60%/90%,100/160/220/280,0/0/0/0,0%/10%/20%/30%,60/60/60/60,60/60/60/-
椒丘,1,前台,治疗；辅助,狼狩；减益；持续伤害,燎烟古方（终结技）：我方小队攻击或使敌人陷入负面状态后，治疗我方低生命目标。。鼎阵妙法，奇正相生（终结技）：。滋味食补（天赋）：,生命之环；闪光手榴弹；绝对热量,0%/30%/60%/90%,100/160/220/280,0/0/0/0,0%/10%/20%/30%,60/70/80/80,60/60/60/-
黑塔,1,前后台,输出,银河学者；群攻,转圈圈（天赋，前台）：更容易发动追加攻击，并在敌人被消灭后永久提高前/后台强度。。还是我来吧（天赋，前台）：。大锤附魔（天赋，前台）：,高周波电锯；追逐星辰；战场进化手册,0%/30%/60%/90%,100/160/220/280,100/160/220/280,0%/10%/20%/30%,60/60/60/60,60/60/60/-
万敌,1,前后台,输出,夜之半神；燃血,沐浴神血（战技，前台）：施放【弑神登神】时生命上限永久提高，生命上限使受伤充能额外提高。。弑神登神（战技，前台）：。气血方刚（天赋，前台）：,反重力皮靴；热血沸腾拳；高周波电锯,0%/20%/40%/60%,100/140/180/220,100/140/180/220,0%/10%/20%/30%,80/80/80/80,60/60/60/-
赛飞儿,1,前台,辅助,夜之半神；追击；减益,好东西，偷了！（天赋）：战斗开始时和攻击【老主顾】后额外记录伤害值，后台目标对【老主顾】的伤害也会被记录。。先偷为敬（天赋）：,物质分解液；流星飞翼；反重力皮靴,0%/30%/60%/90%,100/160/220/280,0/0/0/0,0%/10%/20%/30%,60/60/60/60,60/60/60/-
貊泽,1,后台,输出；辅助,狼狩；追击,归于暗影（天赋）：我方前台攻击后造成额外伤害并为貊泽计数，以使貊泽攻击敌人并附加易伤。。雷霆一击（天赋）：,反卫星狙击枪；追逐星辰；斩首行动,0%/30%/60%/90%,100/160/220/280,100/160/220/280,0%/10%/20%/30%,60/60/60/60,60/60/60/-
桑博,1,前后台,输出,贝洛伯格；星间旅人；持续伤害,风刃连击（天赋，前台）：桑博战技的弹射次数增加，且可以额外触发满层的风化效果。。撕风的匕首（天赋，前台）：。风暴眼（天赋，前台）：,斩首行动；火力风暴潮；行星钻地弹,0%/30%/60%/90%,100/160/220/280,100/160/220/280,0%/10%/20%/30%,60/60/60/60,60/60/60/-
加拉赫,1,前后台,治疗,盛会之星；击破；治疗,酒花满溢（天赋，前台）：普攻永久获得强化，并获得群体治疗能力。。酒水免单（天赋，前台）：,生命之环；痛觉阻断芯片；绝对热量,0%/30%/60%/90%,100/160/220/280,100/160/220/280,0%/10%/20%/30%,60/70/80/80,60/60/60/-
青雀,1,前台,输出,仙舟；战技点,雀神（天赋）：「暗杠」后还可以继续抽牌，并基于战技施放的次数连续攻击。回合开始时获得临时战技点。。帝垣琼玉（天赋）：。借牌（天赋）：,高周波电锯；动能激发剑；斩首行动,0%/30%/60%/90%,100/160/220/280,0/0/0/0,0%/10%/20%/30%,60/60/60/60,60/60/60/-
