"名称","站位","费用","羁绊"
"姬子•启行","前台","3","列车同行；领航员"
"吉尔伽美什","前后台","2","命运圣杯；能量"
"千冶•刃","后台","2","减益；星核猎手；燃血"
"远坂凛","前后台","1","命运圣杯；战技点"
"银狼LV.999","前台","3,4,5","头号玩家；星核猎手；欢愉"
"开拓者•欢愉","后台","4","列车同行；欢愉；能量"
"绯英","前后台","2","星间旅人；欢愉"
"不死途","前后台","2","巡海游侠；追击"
"火花","前台","4","战技点；星间旅人；欢愉"
"大丽花","前后台","1","击破；盛会之星"
"爻光","前后台","1","仙舟；欢愉"
"流萤","前台","5","击破；星核猎手"
"昔涟","前台","5","夜之半神；挚爱之人；昼之半神"
"瓦尔特","前台","5","减益；列车同行；星间旅人"
"布洛妮娅","前台","5","大守护者；燃血；贝洛伯格"
"景元","前台","5","仙舟；群攻"
"Archer","前台","5","命运圣杯；战技点；魔术师"
"云璃","后台","5","狼狩；能量"
"托帕&账账","后台","5","公司；追击"
"黑天鹅","后台","5","命运卜者；持续伤害；盛会之星"
"银狼","前后台","4","星核猎手；量子同频"
"开拓者•记忆","前台","4","列车同行；能量"
"知更鸟","后台","4","盛会之星；追击"
"杰帕德","前台","4","护盾；贝洛伯格"
"波提欧","前台","4","击破；巡海游侠"
"罗刹","后台","4","星间旅人；治疗"
"长夜月","前后台","4","夜之半神；燃血"
"大黑塔","前台","4","群攻；银河学者"
"符玄","后台","4","仙舟；治疗；量子同频"
"遐蝶","前台","4","夜之半神；燃血"
"彦卿","后台","4","仙舟；减益；狼狩"
"海瑟音","前台","4","持续伤害；昼之半神"
"那刻夏","后台","3","昼之半神；群攻"
"镜流","后台","3","燃血；狼狩"
"白厄","前台","3","救世主"
"忘归人","后台","3","仙舟；击破"
"姬子","后台","3","击破；列车同行"
"刻律德菈","前后台","3","夜之半神；战技点"
"真理医生","前台","3","星间旅人；追击；银河学者"
"Saber","前后台","3","命运圣杯；能量"
"黄泉","前台","3","减益；巡海游侠"
"希儿","前台","3","贝洛伯格；量子同频"
"星期日","前后台","3","列车同行；盛会之星；能量"
"娜塔莎","前后台","3","治疗；贝洛伯格"
"丹恒•腾荒","后台","2","夜之半神；护盾"
"灵砂","前台","2","击破；治疗；狼狩"
"砂金","前台","2","公司；护盾；追击"
"丹恒•饮月","前台","2","仙舟；列车同行；战技点"
"花火","后台","2","战技点；盛会之星；量子同频"
"缇宝","前后台","2","昼之半神；群攻；量子同频"
"银枝","前后台","2","星间旅人；群攻"
"卡芙卡","前后台","2","持续伤害；星核猎手"
"风堇","前台","2","昼之半神；治疗；燃血"
"阮•梅","后台","2","击破；银河学者"
"佩拉","后台","2","减益；贝洛伯格"
"翡翠","后台","1","公司；群攻"
"停云","后台","1","仙舟；能量"
"三月七","后台","1","列车同行；护盾"
"乱破","前台","1","击破；巡海游侠"
"藿藿","前后台","1","仙舟；治疗；能量"
"刃","后台","1","星核猎手；燃血"
"艾丝妲","前台","1","持续伤害；银河学者"
"阿格莱雅","前台","1","昼之半神；能量"
"飞霄","前台","1","狼狩；追击"
"椒丘","前台","1","减益；持续伤害；狼狩"
"黑塔","前后台","1","群攻；银河学者"
"万敌","前后台","1","夜之半神；燃血"
"赛飞儿","前台","1","减益；夜之半神；追击"
"貊泽","后台","1","狼狩；追击"
"桑博","前后台","1","持续伤害；星间旅人；贝洛伯格"
"加拉赫","前后台","1","击破；治疗；盛会之星"
"青雀","前台","1","仙舟；战技点"